Date,Product_Name,Sales,LSTM_Prediction
2025-11-01,Avo & Hal Muffin,0.0,0.17043913900852203
2025-11-02,Avo & Hal Muffin,0.0,0.17043913900852203
2025-11-03,Avo & Hal Muffin,0.0,0.17043913900852203
2025-11-04,Avo & Hal Muffin,0.0,0.17043913900852203
2025-11-05,Avo & Hal Muffin,0.0,0.17043913900852203
2025-11-06,Avo & Hal Muffin,0.0,0.17043913900852203
2025-11-07,Avo & Hal Muffin,0.0,0.17043913900852203
2025-11-08,Avo & Hal Muffin,0.0,0.17043913900852203
2025-11-09,Avo & Hal Muffin,0.0,0.17043913900852203
2025-11-10,Avo & Hal Muffin,0.0,0.17043913900852203
2025-11-11,Avo & Hal Muffin,0.0,0.17043913900852203
2025-11-12,Avo & Hal Muffin,0.0,0.17043913900852203
2025-11-13,Avo & Hal Muffin,0.0,0.17043913900852203
2025-11-14,Avo & Hal Muffin,0.0,0.17043913900852203
2025-11-15,Avo & Hal Muffin,0.0,0.17043913900852203
2025-11-16,Avo & Hal Muffin,0.0,0.17043913900852203
2025-11-17,Avo & Hal Muffin,0.0,0.17043913900852203
2025-11-18,Avo & Hal Muffin,0.0,0.17043913900852203
2025-11-19,Avo & Hal Muffin,0.0,0.17043913900852203
2025-11-20,Avo & Hal Muffin,0.0,0.17043913900852203
2025-11-21,Avo & Hal Muffin,0.0,0.17043913900852203
2025-11-22,Avo & Hal Muffin,0.0,0.17043913900852203
2025-11-23,Avo & Hal Muffin,0.0,0.17043913900852203
2025-11-24,Avo & Hal Muffin,0.0,0.17043913900852203
2025-11-25,Avo & Hal Muffin,0.0,0.17043913900852203
2025-11-26,Avo & Hal Muffin,0.0,0.17043913900852203
2025-11-27,Avo & Hal Muffin,0.0,0.17043913900852203
2025-11-28,Avo & Hal Muffin,0.0,0.17043913900852203
2025-11-29,Avo & Hal Muffin,0.0,0.17043913900852203
2025-11-01,"Avo, Egg & Bacon",8.0,2.815882444381714
2025-11-02,"Avo, Egg & Bacon",6.0,3.2756292819976807
2025-11-03,"Avo, Egg & Bacon",3.0,1.874910593032837
2025-11-04,"Avo, Egg & Bacon",1.0,1.6760828495025635
2025-11-05,"Avo, Egg & Bacon",2.0,1.4490703344345093
2025-11-06,"Avo, Egg & Bacon",2.0,1.8333326578140259
2025-11-07,"Avo, Egg & Bacon",6.0,1.4776378870010376
2025-11-08,"Avo, Egg & Bacon",9.0,1.9856966733932495
2025-11-09,"Avo, Egg & Bacon",1.0,2.284292221069336
2025-11-10,"Avo, Egg & Bacon",0.0,0.6363919377326965
2025-11-11,"Avo, Egg & Bacon",1.0,0.30849742889404297
2025-11-12,"Avo, Egg & Bacon",3.0,0.17043913900852203
2025-11-13,"Avo, Egg & Bacon",2.0,0.2993980050086975
2025-11-14,"Avo, Egg & Bacon",5.0,0.3210121989250183
2025-11-15,"Avo, Egg & Bacon",6.0,1.0702766180038452
2025-11-16,"Avo, Egg & Bacon",5.0,0.2571042478084564
2025-11-17,"Avo, Egg & Bacon",4.0,0.17043913900852203
2025-11-18,"Avo, Egg & Bacon",1.0,0.17043913900852203
2025-11-19,"Avo, Egg & Bacon",0.0,0.17043913900852203
2025-11-20,"Avo, Egg & Bacon",3.0,0.17043913900852203
2025-11-21,"Avo, Egg & Bacon",6.0,0.17043913900852203
2025-11-22,"Avo, Egg & Bacon",7.0,0.17043913900852203
2025-11-23,"Avo, Egg & Bacon",6.0,0.17043913900852203
2025-11-24,"Avo, Egg & Bacon",2.0,0.17043913900852203
2025-11-25,"Avo, Egg & Bacon",1.0,0.17043913900852203
2025-11-26,"Avo, Egg & Bacon",2.0,0.17043913900852203
2025-11-27,"Avo, Egg & Bacon",3.0,0.17043913900852203
2025-11-28,"Avo, Egg & Bacon",3.0,0.17043913900852203
2025-11-29,"Avo, Egg & Bacon",5.0,0.17043913900852203
2025-11-01,"Avo, Feta & Tom",5.0,1.7555078268051147
2025-11-02,"Avo, Feta & Tom",2.0,1.5761300325393677
2025-11-03,"Avo, Feta & Tom",1.0,0.8243362307548523
2025-11-04,"Avo, Feta & Tom",1.0,0.5412445664405823
2025-11-05,"Avo, Feta & Tom",1.0,0.2034003585577011
2025-11-06,"Avo, Feta & Tom",2.0,0.5995463728904724
2025-11-07,"Avo, Feta & Tom",4.0,0.33489856123924255
2025-11-08,"Avo, Feta & Tom",5.0,0.34983059763908386
2025-11-09,"Avo, Feta & Tom",4.0,0.643518328666687
2025-11-10,"Avo, Feta & Tom",7.0,0.17043913900852203
2025-11-11,"Avo, Feta & Tom",2.0,0.17043913900852203
2025-11-12,"Avo, Feta & Tom",2.0,0.17043913900852203
2025-11-13,"Avo, Feta & Tom",1.0,0.17043913900852203
2025-11-14,"Avo, Feta & Tom",3.0,0.17043913900852203
2025-11-15,"Avo, Feta & Tom",3.0,0.17043913900852203
2025-11-16,"Avo, Feta & Tom",2.0,0.17043913900852203
2025-11-17,"Avo, Feta & Tom",1.0,0.17043913900852203
2025-11-18,"Avo, Feta & Tom",2.0,0.17043913900852203
2025-11-19,"Avo, Feta & Tom",0.0,0.17043913900852203
2025-11-20,"Avo, Feta & Tom",3.0,0.17043913900852203
2025-11-21,"Avo, Feta & Tom",1.0,0.17043913900852203
2025-11-22,"Avo, Feta & Tom",4.0,0.17043913900852203
2025-11-23,"Avo, Feta & Tom",0.0,0.17043913900852203
2025-11-24,"Avo, Feta & Tom",1.0,0.17043913900852203
2025-11-25,"Avo, Feta & Tom",2.0,0.17043913900852203
2025-11-26,"Avo, Feta & Tom",5.0,0.17043913900852203
2025-11-27,"Avo, Feta & Tom",1.0,0.17043913900852203
2025-11-28,"Avo, Feta & Tom",0.0,0.17043913900852203
2025-11-29,"Avo, Feta & Tom",2.0,0.17043913900852203
2025-11-01,Avocado on Toast,3.0,1.20772385597229
2025-11-02,Avocado on Toast,3.0,1.1675773859024048
2025-11-03,Avocado on Toast,1.0,0.43322843313217163
2025-11-04,Avocado on Toast,2.0,0.24179257452487946
2025-11-05,Avocado on Toast,4.0,0.17043913900852203
2025-11-06,Avocado on Toast,5.0,0.42417284846305847
2025-11-07,Avocado on Toast,1.0,0.17043913900852203
2025-11-08,Avocado on Toast,5.0,0.17043913900852203
2025-11-09,Avocado on Toast,3.0,0.23167498409748077
2025-11-10,Avocado on Toast,1.0,0.17043913900852203
2025-11-11,Avocado on Toast,3.0,0.17043913900852203
2025-11-12,Avocado on Toast,1.0,0.17043913900852203
2025-11-13,Avocado on Toast,1.0,0.17043913900852203
2025-11-14,Avocado on Toast,3.0,0.17043913900852203
2025-11-15,Avocado on Toast,4.0,0.17043913900852203
2025-11-16,Avocado on Toast,1.0,0.17043913900852203
2025-11-17,Avocado on Toast,0.0,0.17043913900852203
2025-11-18,Avocado on Toast,1.0,0.17043913900852203
2025-11-19,Avocado on Toast,0.0,0.17043913900852203
2025-11-20,Avocado on Toast,1.0,0.17043913900852203
2025-11-21,Avocado on Toast,2.0,0.17043913900852203
2025-11-22,Avocado on Toast,0.0,0.17043913900852203
2025-11-23,Avocado on Toast,2.0,0.17043913900852203
2025-11-24,Avocado on Toast,1.0,0.17043913900852203
2025-11-25,Avocado on Toast,0.0,0.17043913900852203
2025-11-26,Avocado on Toast,1.0,0.17043913900852203
2025-11-27,Avocado on Toast,1.0,0.17043913900852203
2025-11-28,Avocado on Toast,0.0,0.17043913900852203
2025-11-29,Avocado on Toast,2.0,0.17043913900852203
2025-11-01,Bacon,16.0,5.803452968597412
2025-11-02,Bacon,5.0,7.181425094604492
2025-11-03,Bacon,6.0,3.8335320949554443
2025-11-04,Bacon,7.0,3.529083251953125
2025-11-05,Bacon,5.0,3.2226054668426514
2025-11-06,Bacon,2.0,3.457195281982422
2025-11-07,Bacon,6.0,4.102039337158203
2025-11-08,Bacon,6.0,5.51565408706665
2025-11-09,Bacon,11.0,4.375274658203125
2025-11-10,Bacon,1.0,2.4081528186798096
2025-11-11,Bacon,4.0,2.396658420562744
2025-11-12,Bacon,4.0,2.186756134033203
2025-11-13,Bacon,8.0,2.6031947135925293
2025-11-14,Bacon,12.0,2.968219518661499
2025-11-15,Bacon,6.0,3.9817545413970947
2025-11-16,Bacon,5.0,3.2458345890045166
2025-11-17,Bacon,4.0,1.5391064882278442
2025-11-18,Bacon,4.0,1.2374707460403442
2025-11-19,Bacon,4.0,0.7847630381584167
2025-11-20,Bacon,7.0,0.8476485013961792
2025-11-21,Bacon,7.0,1.0824826955795288
2025-11-22,Bacon,5.0,1.5778393745422363
2025-11-23,Bacon,4.0,1.1094732284545898
2025-11-24,Bacon,2.0,0.17043913900852203
2025-11-25,Bacon,6.0,0.17043913900852203
2025-11-26,Bacon,2.0,0.17043913900852203
2025-11-27,Bacon,5.0,0.17043913900852203
2025-11-28,Bacon,12.0,0.17043913900852203
2025-11-29,Bacon,3.0,0.6643286943435669
2025-11-01,Bacon Bap,26.0,18.7182559967041
2025-11-02,Bacon Bap,26.0,17.540699005126953
2025-11-03,Bacon Bap,8.0,10.219252586364746
2025-11-04,Bacon Bap,14.0,10.401104927062988
2025-11-05,Bacon Bap,14.0,10.285775184631348
2025-11-06,Bacon Bap,22.0,11.282718658447266
2025-11-07,Bacon Bap,18.0,14.291589736938477
2025-11-08,Bacon Bap,20.0,16.536874771118164
2025-11-09,Bacon Bap,12.0,16.084379196166992
2025-11-10,Bacon Bap,5.0,9.728601455688477
2025-11-11,Bacon Bap,14.0,8.89271354675293
2025-11-12,Bacon Bap,12.0,8.83525562286377
2025-11-13,Bacon Bap,9.0,9.776747703552246
2025-11-14,Bacon Bap,17.0,12.55522346496582
2025-11-15,Bacon Bap,10.0,15.700010299682617
2025-11-16,Bacon Bap,14.0,14.679309844970703
2025-11-17,Bacon Bap,13.0,8.26636028289795
2025-11-18,Bacon Bap,11.0,7.351558685302734
2025-11-19,Bacon Bap,13.0,6.489817142486572
2025-11-20,Bacon Bap,7.0,5.742396831512451
2025-11-21,Bacon Bap,16.0,7.619713306427002
2025-11-22,Bacon Bap,17.0,11.680266380310059
2025-11-23,Bacon Bap,18.0,9.098865509033203
2025-11-24,Bacon Bap,26.0,5.830429553985596
2025-11-25,Bacon Bap,10.0,5.168003559112549
2025-11-26,Bacon Bap,15.0,4.497420310974121
2025-11-27,Bacon Bap,11.0,5.303842544555664
2025-11-28,Bacon Bap,11.0,6.99607515335083
2025-11-29,Bacon Bap,16.0,9.799373626708984
2025-11-01,Bacon Egg Brioch,1.0,2.2701008319854736
2025-11-02,Bacon Egg Brioch,4.0,2.8011298179626465
2025-11-03,Bacon Egg Brioch,1.0,1.8283780813217163
2025-11-04,Bacon Egg Brioch,2.0,1.9281933307647705
2025-11-05,Bacon Egg Brioch,2.0,1.831108808517456
2025-11-06,Bacon Egg Brioch,2.0,2.1415750980377197
2025-11-07,Bacon Egg Brioch,3.0,2.101611614227295
2025-11-08,Bacon Egg Brioch,3.0,2.4363889694213867
2025-11-09,Bacon Egg Brioch,3.0,2.341292381286621
2025-11-10,Bacon Egg Brioch,2.0,1.0782305002212524
2025-11-11,Bacon Egg Brioch,2.0,1.014169454574585
2025-11-12,Bacon Egg Brioch,0.0,0.6282023787498474
2025-11-13,Bacon Egg Brioch,3.0,1.0827000141143799
2025-11-14,Bacon Egg Brioch,0.0,1.0859543085098267
2025-11-15,Bacon Egg Brioch,3.0,1.6164577007293701
2025-11-16,Bacon Egg Brioch,6.0,0.9477059245109558
2025-11-17,Bacon Egg Brioch,3.0,0.17043913900852203
2025-11-18,Bacon Egg Brioch,0.0,0.17043913900852203
2025-11-19,Bacon Egg Brioch,0.0,0.17043913900852203
2025-11-20,Bacon Egg Brioch,2.0,0.17043913900852203
2025-11-21,Bacon Egg Brioch,3.0,0.17043913900852203
2025-11-22,Bacon Egg Brioch,1.0,0.17043913900852203
2025-11-23,Bacon Egg Brioch,5.0,0.17043913900852203
2025-11-24,Bacon Egg Brioch,2.0,0.17043913900852203
2025-11-25,Bacon Egg Brioch,1.0,0.17043913900852203
2025-11-26,Bacon Egg Brioch,0.0,0.17043913900852203
2025-11-27,Bacon Egg Brioch,1.0,0.17043913900852203
2025-11-28,Bacon Egg Brioch,2.0,0.17043913900852203
2025-11-29,Bacon Egg Brioch,0.0,0.17043913900852203
2025-11-01,Bacon Waffle,1.0,3.5410048961639404
2025-11-02,Bacon Waffle,12.0,3.3134660720825195
2025-11-03,Bacon Waffle,5.0,2.0212364196777344
2025-11-04,Bacon Waffle,2.0,2.118906021118164
2025-11-05,Bacon Waffle,4.0,2.201542615890503
2025-11-06,Bacon Waffle,2.0,2.421811819076538
2025-11-07,Bacon Waffle,5.0,2.1099486351013184
2025-11-08,Bacon Waffle,1.0,2.6801791191101074
2025-11-09,Bacon Waffle,3.0,2.669127941131592
2025-11-10,Bacon Waffle,0.0,1.2296009063720703
2025-11-11,Bacon Waffle,0.0,1.1998413801193237
2025-11-12,Bacon Waffle,2.0,0.9104961156845093
2025-11-13,Bacon Waffle,1.0,1.1897331476211548
2025-11-14,Bacon Waffle,4.0,1.1747992038726807
2025-11-15,Bacon Waffle,2.0,1.872092366218567
2025-11-16,Bacon Waffle,4.0,1.3301470279693604
2025-11-17,Bacon Waffle,3.0,0.17043913900852203
2025-11-18,Bacon Waffle,2.0,0.17043913900852203
2025-11-19,Bacon Waffle,0.0,0.17043913900852203
2025-11-20,Bacon Waffle,1.0,0.17043913900852203
2025-11-21,Bacon Waffle,1.0,0.17043913900852203
2025-11-22,Bacon Waffle,4.0,0.17043913900852203
2025-11-23,Bacon Waffle,2.0,0.17043913900852203
2025-11-24,Bacon Waffle,3.0,0.17043913900852203
2025-11-25,Bacon Waffle,2.0,0.17043913900852203
2025-11-26,Bacon Waffle,1.0,0.17043913900852203
2025-11-27,Bacon Waffle,2.0,0.17043913900852203
2025-11-28,Bacon Waffle,5.0,0.17043913900852203
2025-11-29,Bacon Waffle,3.0,0.17043913900852203
2025-11-01,Baked Beans,3.0,5.843443393707275
2025-11-02,Baked Beans,8.0,6.019525527954102
2025-11-03,Baked Beans,3.0,3.4966769218444824
2025-11-04,Baked Beans,6.0,3.2946603298187256
2025-11-05,Baked Beans,3.0,3.4172706604003906
2025-11-06,Baked Beans,5.0,4.118040084838867
2025-11-07,Baked Beans,9.0,4.118146896362305
2025-11-08,Baked Beans,5.0,4.748393535614014
2025-11-09,Baked Beans,7.0,4.194365501403809
2025-11-10,Baked Beans,1.0,2.534860849380493
2025-11-11,Baked Beans,7.0,2.3924338817596436
2025-11-12,Baked Beans,5.0,2.404294967651367
2025-11-13,Baked Beans,2.0,2.748671054840088
2025-11-14,Baked Beans,5.0,2.8380954265594482
2025-11-15,Baked Beans,4.0,3.739861249923706
2025-11-16,Baked Beans,8.0,3.0849316120147705
2025-11-17,Baked Beans,7.0,1.5380268096923828
2025-11-18,Baked Beans,2.0,1.2279959917068481
2025-11-19,Baked Beans,2.0,0.7977771162986755
2025-11-20,Baked Beans,8.0,0.8134545087814331
2025-11-21,Baked Beans,9.0,0.9323284029960632
2025-11-22,Baked Beans,7.0,1.3841283321380615
2025-11-23,Baked Beans,6.0,0.9148024320602417
2025-11-24,Baked Beans,7.0,0.17043913900852203
2025-11-25,Baked Beans,3.0,0.17043913900852203
2025-11-26,Baked Beans,7.0,0.17043913900852203
2025-11-27,Baked Beans,6.0,0.17043913900852203
2025-11-28,Baked Beans,1.0,0.17043913900852203
2025-11-29,Baked Beans,2.0,0.47084084153175354
2025-11-01,Baked Beans JP,0.0,0.17043913900852203
2025-11-02,Baked Beans JP,0.0,0.17043913900852203
2025-11-03,Baked Beans JP,0.0,0.17043913900852203
2025-11-04,Baked Beans JP,0.0,0.17043913900852203
2025-11-05,Baked Beans JP,0.0,0.17043913900852203
2025-11-06,Baked Beans JP,0.0,0.17043913900852203
2025-11-07,Baked Beans JP,0.0,0.17043913900852203
2025-11-08,Baked Beans JP,1.0,0.17043913900852203
2025-11-09,Baked Beans JP,1.0,0.17043913900852203
2025-11-10,Baked Beans JP,0.0,0.17043913900852203
2025-11-11,Baked Beans JP,0.0,0.17043913900852203
2025-11-12,Baked Beans JP,0.0,0.17043913900852203
2025-11-13,Baked Beans JP,0.0,0.17043913900852203
2025-11-14,Baked Beans JP,0.0,0.17043913900852203
2025-11-15,Baked Beans JP,0.0,0.17043913900852203
2025-11-16,Baked Beans JP,1.0,0.17043913900852203
2025-11-17,Baked Beans JP,0.0,0.17043913900852203
2025-11-18,Baked Beans JP,0.0,0.17043913900852203
2025-11-19,Baked Beans JP,0.0,0.17043913900852203
2025-11-20,Baked Beans JP,0.0,0.17043913900852203
2025-11-21,Baked Beans JP,0.0,0.17043913900852203
2025-11-22,Baked Beans JP,0.0,0.17043913900852203
2025-11-23,Baked Beans JP,0.0,0.17043913900852203
2025-11-24,Baked Beans JP,0.0,0.17043913900852203
2025-11-25,Baked Beans JP,0.0,0.17043913900852203
2025-11-26,Baked Beans JP,0.0,0.17043913900852203
2025-11-27,Baked Beans JP,0.0,0.17043913900852203
2025-11-28,Baked Beans JP,1.0,0.17043913900852203
2025-11-29,Baked Beans JP,0.0,0.17043913900852203
2025-11-01,Bean Soldiers,1.0,0.17043913900852203
2025-11-02,Bean Soldiers,0.0,0.17043913900852203
2025-11-03,Bean Soldiers,1.0,0.17043913900852203
2025-11-04,Bean Soldiers,0.0,0.17043913900852203
2025-11-05,Bean Soldiers,0.0,0.17043913900852203
2025-11-06,Bean Soldiers,0.0,0.17043913900852203
2025-11-07,Bean Soldiers,1.0,0.17043913900852203
2025-11-08,Bean Soldiers,2.0,0.17043913900852203
2025-11-09,Bean Soldiers,0.0,0.17043913900852203
2025-11-10,Bean Soldiers,1.0,0.17043913900852203
2025-11-11,Bean Soldiers,1.0,0.17043913900852203
2025-11-12,Bean Soldiers,1.0,0.17043913900852203
2025-11-13,Bean Soldiers,0.0,0.17043913900852203
2025-11-14,Bean Soldiers,0.0,0.17043913900852203
2025-11-15,Bean Soldiers,0.0,0.17043913900852203
2025-11-16,Bean Soldiers,0.0,0.17043913900852203
2025-11-17,Bean Soldiers,0.0,0.17043913900852203
2025-11-18,Bean Soldiers,0.0,0.17043913900852203
2025-11-19,Bean Soldiers,0.0,0.17043913900852203
2025-11-20,Bean Soldiers,0.0,0.17043913900852203
2025-11-21,Bean Soldiers,0.0,0.17043913900852203
2025-11-22,Bean Soldiers,1.0,0.17043913900852203
2025-11-23,Bean Soldiers,1.0,0.17043913900852203
2025-11-24,Bean Soldiers,1.0,0.17043913900852203
2025-11-25,Bean Soldiers,0.0,0.17043913900852203
2025-11-26,Bean Soldiers,1.0,0.17043913900852203
2025-11-27,Bean Soldiers,0.0,0.17043913900852203
2025-11-28,Bean Soldiers,0.0,0.17043913900852203
2025-11-29,Bean Soldiers,0.0,0.17043913900852203
2025-11-01,Big Breakfast,25.0,23.014511108398438
2025-11-02,Big Breakfast,33.0,23.680116653442383
2025-11-03,Big Breakfast,12.0,10.509306907653809
2025-11-04,Big Breakfast,17.0,9.477372169494629
2025-11-05,Big Breakfast,7.0,10.090594291687012
2025-11-06,Big Breakfast,13.0,12.927489280700684
2025-11-07,Big Breakfast,13.0,17.101604461669922
2025-11-08,Big Breakfast,28.0,22.398143768310547
2025-11-09,Big Breakfast,20.0,20.29513931274414
2025-11-10,Big Breakfast,11.0,10.652194023132324
2025-11-11,Big Breakfast,10.0,9.55498218536377
2025-11-12,Big Breakfast,10.0,9.827919006347656
2025-11-13,Big Breakfast,12.0,11.266679763793945
2025-11-14,Big Breakfast,16.0,16.36383056640625
2025-11-15,Big Breakfast,24.0,20.31692886352539
2025-11-16,Big Breakfast,27.0,18.998865127563477
2025-11-17,Big Breakfast,6.0,9.41815185546875
2025-11-18,Big Breakfast,15.0,8.462477684020996
2025-11-19,Big Breakfast,12.0,7.644460678100586
2025-11-20,Big Breakfast,9.0,7.022491931915283
2025-11-21,Big Breakfast,15.0,10.509196281433105
2025-11-22,Big Breakfast,28.0,16.920795440673828
2025-11-23,Big Breakfast,29.0,12.258288383483887
2025-11-24,Big Breakfast,16.0,8.017678260803223
2025-11-25,Big Breakfast,5.0,6.941071033477783
2025-11-26,Big Breakfast,14.0,5.9695024490356445
2025-11-27,Big Breakfast,13.0,7.425191879272461
2025-11-28,Big Breakfast,9.0,10.01318073272705
2025-11-29,Big Breakfast,31.0,14.084413528442383
2025-11-01,Black Pudding,3.0,1.795934796333313
2025-11-02,Black Pudding,5.0,1.2321840524673462
2025-11-03,Black Pudding,7.0,0.17043913900852203
2025-11-04,Black Pudding,2.0,0.17043913900852203
2025-11-05,Black Pudding,0.0,0.17043913900852203
2025-11-06,Black Pudding,1.0,0.2603149712085724
2025-11-07,Black Pudding,2.0,0.21606230735778809
2025-11-08,Black Pudding,6.0,0.22325649857521057
2025-11-09,Black Pudding,1.0,0.17043913900852203
2025-11-10,Black Pudding,0.0,0.17043913900852203
2025-11-11,Black Pudding,2.0,0.17043913900852203
2025-11-12,Black Pudding,1.0,0.17043913900852203
2025-11-13,Black Pudding,5.0,0.17043913900852203
2025-11-14,Black Pudding,1.0,0.17043913900852203
2025-11-15,Black Pudding,3.0,0.17043913900852203
2025-11-16,Black Pudding,1.0,0.17043913900852203
2025-11-17,Black Pudding,5.0,0.17043913900852203
2025-11-18,Black Pudding,2.0,0.17043913900852203
2025-11-19,Black Pudding,0.0,0.17043913900852203
2025-11-20,Black Pudding,1.0,0.17043913900852203
2025-11-21,Black Pudding,4.0,0.17043913900852203
2025-11-22,Black Pudding,4.0,0.17043913900852203
2025-11-23,Black Pudding,8.0,0.17043913900852203
2025-11-24,Black Pudding,2.0,0.17043913900852203
2025-11-25,Black Pudding,2.0,0.17043913900852203
2025-11-26,Black Pudding,2.0,0.17043913900852203
2025-11-27,Black Pudding,0.0,0.17043913900852203
2025-11-28,Black Pudding,1.0,0.17043913900852203
2025-11-29,Black Pudding,3.0,0.17043913900852203
2025-11-01,Breakfast Hash,0.0,0.17043913900852203
2025-11-02,Breakfast Hash,0.0,0.17043913900852203
2025-11-03,Breakfast Hash,2.0,0.17043913900852203
2025-11-04,Breakfast Hash,2.0,0.17043913900852203
2025-11-05,Breakfast Hash,0.0,0.17043913900852203
2025-11-06,Breakfast Hash,0.0,0.17043913900852203
2025-11-07,Breakfast Hash,0.0,0.17043913900852203
2025-11-08,Breakfast Hash,1.0,0.17043913900852203
2025-11-09,Breakfast Hash,1.0,0.17043913900852203
2025-11-10,Breakfast Hash,0.0,0.17043913900852203
2025-11-11,Breakfast Hash,1.0,0.17043913900852203
2025-11-12,Breakfast Hash,1.0,0.17043913900852203
2025-11-13,Breakfast Hash,0.0,0.17043913900852203
2025-11-14,Breakfast Hash,2.0,0.17043913900852203
2025-11-15,Breakfast Hash,1.0,0.17043913900852203
2025-11-16,Breakfast Hash,2.0,0.17043913900852203
2025-11-17,Breakfast Hash,0.0,0.17043913900852203
2025-11-18,Breakfast Hash,1.0,0.17043913900852203
2025-11-19,Breakfast Hash,0.0,0.17043913900852203
2025-11-20,Breakfast Hash,0.0,0.17043913900852203
2025-11-21,Breakfast Hash,0.0,0.17043913900852203
2025-11-22,Breakfast Hash,3.0,0.17043913900852203
2025-11-23,Breakfast Hash,0.0,0.17043913900852203
2025-11-24,Breakfast Hash,0.0,0.17043913900852203
2025-11-25,Breakfast Hash,2.0,0.17043913900852203
2025-11-26,Breakfast Hash,0.0,0.17043913900852203
2025-11-27,Breakfast Hash,1.0,0.17043913900852203
2025-11-28,Breakfast Hash,0.0,0.17043913900852203
2025-11-29,Breakfast Hash,3.0,0.17043913900852203
2025-11-01,Breakfast Muffin,5.0,2.7114415168762207
2025-11-02,Breakfast Muffin,9.0,2.336479663848877
2025-11-03,Breakfast Muffin,4.0,1.252197265625
2025-11-04,Breakfast Muffin,2.0,1.2150070667266846
2025-11-05,Breakfast Muffin,4.0,1.405993103981018
2025-11-06,Breakfast Muffin,3.0,1.362114667892456
2025-11-07,Breakfast Muffin,7.0,0.9798645377159119
2025-11-08,Breakfast Muffin,4.0,1.3539655208587646
2025-11-09,Breakfast Muffin,4.0,1.6086257696151733
2025-11-10,Breakfast Muffin,5.0,0.2735680639743805
2025-11-11,Breakfast Muffin,1.0,0.17043913900852203
2025-11-12,Breakfast Muffin,6.0,0.17043913900852203
2025-11-13,Breakfast Muffin,2.0,0.17043913900852203
2025-11-14,Breakfast Muffin,6.0,0.17043913900852203
2025-11-15,Breakfast Muffin,9.0,0.26571911573410034
2025-11-16,Breakfast Muffin,4.0,0.17043913900852203
2025-11-17,Breakfast Muffin,3.0,0.17043913900852203
2025-11-18,Breakfast Muffin,1.0,0.17043913900852203
2025-11-19,Breakfast Muffin,5.0,0.17043913900852203
2025-11-20,Breakfast Muffin,4.0,0.17043913900852203
2025-11-21,Breakfast Muffin,4.0,0.17043913900852203
2025-11-22,Breakfast Muffin,2.0,0.17043913900852203
2025-11-23,Breakfast Muffin,5.0,0.17043913900852203
2025-11-24,Breakfast Muffin,3.0,0.17043913900852203
2025-11-25,Breakfast Muffin,1.0,0.17043913900852203
2025-11-26,Breakfast Muffin,4.0,0.17043913900852203
2025-11-27,Breakfast Muffin,1.0,0.17043913900852203
2025-11-28,Breakfast Muffin,3.0,0.17043913900852203
2025-11-29,Breakfast Muffin,4.0,0.17043913900852203
2025-11-01,Breakfast Wrap,0.0,0.17043913900852203
2025-11-02,Breakfast Wrap,0.0,0.17043913900852203
2025-11-03,Breakfast Wrap,0.0,0.17043913900852203
2025-11-04,Breakfast Wrap,0.0,0.17043913900852203
2025-11-05,Breakfast Wrap,0.0,0.17043913900852203
2025-11-06,Breakfast Wrap,0.0,0.17043913900852203
2025-11-07,Breakfast Wrap,0.0,0.17043913900852203
2025-11-08,Breakfast Wrap,0.0,0.17043913900852203
2025-11-09,Breakfast Wrap,0.0,0.17043913900852203
2025-11-10,Breakfast Wrap,0.0,0.17043913900852203
2025-11-11,Breakfast Wrap,0.0,0.17043913900852203
2025-11-12,Breakfast Wrap,0.0,0.17043913900852203
2025-11-13,Breakfast Wrap,0.0,0.17043913900852203
2025-11-14,Breakfast Wrap,0.0,0.17043913900852203
2025-11-15,Breakfast Wrap,0.0,0.17043913900852203
2025-11-16,Breakfast Wrap,0.0,0.17043913900852203
2025-11-17,Breakfast Wrap,0.0,0.17043913900852203
2025-11-18,Breakfast Wrap,0.0,0.17043913900852203
2025-11-19,Breakfast Wrap,0.0,0.17043913900852203
2025-11-20,Breakfast Wrap,0.0,0.17043913900852203
2025-11-21,Breakfast Wrap,0.0,0.17043913900852203
2025-11-22,Breakfast Wrap,0.0,0.17043913900852203
2025-11-23,Breakfast Wrap,0.0,0.17043913900852203
2025-11-24,Breakfast Wrap,0.0,0.17043913900852203
2025-11-25,Breakfast Wrap,0.0,0.17043913900852203
2025-11-26,Breakfast Wrap,0.0,0.17043913900852203
2025-11-27,Breakfast Wrap,0.0,0.17043913900852203
2025-11-28,Breakfast Wrap,0.0,0.17043913900852203
2025-11-29,Breakfast Wrap,0.0,0.17043913900852203
2025-11-01,Buttd Mushrooms,3.0,1.7970739603042603
2025-11-02,Buttd Mushrooms,3.0,1.866256594657898
2025-11-03,Buttd Mushrooms,2.0,0.5720155835151672
2025-11-04,Buttd Mushrooms,3.0,0.6367871761322021
2025-11-05,Buttd Mushrooms,4.0,0.47435465455055237
2025-11-06,Buttd Mushrooms,2.0,0.8846494555473328
2025-11-07,Buttd Mushrooms,3.0,0.49724870920181274
2025-11-08,Buttd Mushrooms,1.0,0.7105957865715027
2025-11-09,Buttd Mushrooms,4.0,0.6992458701133728
2025-11-10,Buttd Mushrooms,1.0,0.17043913900852203
2025-11-11,Buttd Mushrooms,1.0,0.17043913900852203
2025-11-12,Buttd Mushrooms,1.0,0.17043913900852203
2025-11-13,Buttd Mushrooms,1.0,0.17043913900852203
2025-11-14,Buttd Mushrooms,5.0,0.17043913900852203
2025-11-15,Buttd Mushrooms,3.0,0.17043913900852203
2025-11-16,Buttd Mushrooms,3.0,0.17043913900852203
2025-11-17,Buttd Mushrooms,1.0,0.17043913900852203
2025-11-18,Buttd Mushrooms,0.0,0.17043913900852203
2025-11-19,Buttd Mushrooms,5.0,0.17043913900852203
2025-11-20,Buttd Mushrooms,3.0,0.17043913900852203
2025-11-21,Buttd Mushrooms,0.0,0.17043913900852203
2025-11-22,Buttd Mushrooms,1.0,0.17043913900852203
2025-11-23,Buttd Mushrooms,1.0,0.17043913900852203
2025-11-24,Buttd Mushrooms,2.0,0.17043913900852203
2025-11-25,Buttd Mushrooms,1.0,0.17043913900852203
2025-11-26,Buttd Mushrooms,2.0,0.17043913900852203
2025-11-27,Buttd Mushrooms,1.0,0.17043913900852203
2025-11-28,Buttd Mushrooms,5.0,0.17043913900852203
2025-11-29,Buttd Mushrooms,4.0,0.17043913900852203
2025-11-01,Cheese & Bean JP,2.0,2.5192136764526367
2025-11-02,Cheese & Bean JP,3.0,2.605485439300537
2025-11-03,Cheese & Bean JP,2.0,1.4613946676254272
2025-11-04,Cheese & Bean JP,0.0,1.0574567317962646
2025-11-05,Cheese & Bean JP,2.0,0.9784981608390808
2025-11-06,Cheese & Bean JP,0.0,1.2673012018203735
2025-11-07,Cheese & Bean JP,1.0,1.2531871795654297
2025-11-08,Cheese & Bean JP,1.0,1.6437177658081055
2025-11-09,Cheese & Bean JP,2.0,1.8424243927001953
2025-11-10,Cheese & Bean JP,1.0,0.4566861689090729
2025-11-11,Cheese & Bean JP,1.0,0.17043913900852203
2025-11-12,Cheese & Bean JP,0.0,0.17043913900852203
2025-11-13,Cheese & Bean JP,2.0,0.17043913900852203
2025-11-14,Cheese & Bean JP,2.0,0.17043913900852203
2025-11-15,Cheese & Bean JP,1.0,0.5650714635848999
2025-11-16,Cheese & Bean JP,1.0,0.17043913900852203
2025-11-17,Cheese & Bean JP,1.0,0.17043913900852203
2025-11-18,Cheese & Bean JP,2.0,0.17043913900852203
2025-11-19,Cheese & Bean JP,0.0,0.17043913900852203
2025-11-20,Cheese & Bean JP,0.0,0.17043913900852203
2025-11-21,Cheese & Bean JP,3.0,0.17043913900852203
2025-11-22,Cheese & Bean JP,0.0,0.17043913900852203
2025-11-23,Cheese & Bean JP,1.0,0.17043913900852203
2025-11-24,Cheese & Bean JP,1.0,0.17043913900852203
2025-11-25,Cheese & Bean JP,1.0,0.17043913900852203
2025-11-26,Cheese & Bean JP,2.0,0.17043913900852203
2025-11-27,Cheese & Bean JP,2.0,0.17043913900852203
2025-11-28,Cheese & Bean JP,0.0,0.17043913900852203
2025-11-29,Cheese & Bean JP,2.0,0.17043913900852203
2025-11-01,Cheese JP,0.0,0.17043913900852203
2025-11-02,Cheese JP,1.0,0.17043913900852203
2025-11-03,Cheese JP,0.0,0.17043913900852203
2025-11-04,Cheese JP,0.0,0.17043913900852203
2025-11-05,Cheese JP,0.0,0.17043913900852203
2025-11-06,Cheese JP,1.0,0.17043913900852203
2025-11-07,Cheese JP,0.0,0.17043913900852203
2025-11-08,Cheese JP,0.0,0.17043913900852203
2025-11-09,Cheese JP,0.0,0.17043913900852203
2025-11-10,Cheese JP,1.0,0.17043913900852203
2025-11-11,Cheese JP,2.0,0.17043913900852203
2025-11-12,Cheese JP,0.0,0.17043913900852203
2025-11-13,Cheese JP,0.0,0.17043913900852203
2025-11-14,Cheese JP,0.0,0.17043913900852203
2025-11-15,Cheese JP,0.0,0.17043913900852203
2025-11-16,Cheese JP,0.0,0.17043913900852203
2025-11-17,Cheese JP,0.0,0.17043913900852203
2025-11-18,Cheese JP,0.0,0.17043913900852203
2025-11-19,Cheese JP,0.0,0.17043913900852203
2025-11-20,Cheese JP,0.0,0.17043913900852203
2025-11-21,Cheese JP,1.0,0.17043913900852203
2025-11-22,Cheese JP,0.0,0.17043913900852203
2025-11-23,Cheese JP,1.0,0.17043913900852203
2025-11-24,Cheese JP,0.0,0.17043913900852203
2025-11-25,Cheese JP,0.0,0.17043913900852203
2025-11-26,Cheese JP,0.0,0.17043913900852203
2025-11-27,Cheese JP,1.0,0.17043913900852203
2025-11-28,Cheese JP,0.0,0.17043913900852203
2025-11-29,Cheese JP,0.0,0.17043913900852203
2025-11-01,Chick Flatbread,0.0,1.9620511531829834
2025-11-02,Chick Flatbread,1.0,1.75032377243042
2025-11-03,Chick Flatbread,2.0,0.8580031394958496
2025-11-04,Chick Flatbread,5.0,0.5930390954017639
2025-11-05,Chick Flatbread,4.0,0.458455353975296
2025-11-06,Chick Flatbread,1.0,0.7964305877685547
2025-11-07,Chick Flatbread,2.0,0.8570813536643982
2025-11-08,Chick Flatbread,3.0,1.0779107809066772
2025-11-09,Chick Flatbread,2.0,1.0043962001800537
2025-11-10,Chick Flatbread,0.0,0.17043913900852203
2025-11-11,Chick Flatbread,1.0,0.17043913900852203
2025-11-12,Chick Flatbread,0.0,0.17043913900852203
2025-11-13,Chick Flatbread,0.0,0.17043913900852203
2025-11-14,Chick Flatbread,0.0,0.17043913900852203
2025-11-15,Chick Flatbread,0.0,0.17043913900852203
2025-11-16,Chick Flatbread,0.0,0.17043913900852203
2025-11-17,Chick Flatbread,0.0,0.17043913900852203
2025-11-18,Chick Flatbread,0.0,0.17043913900852203
2025-11-19,Chick Flatbread,0.0,0.17043913900852203
2025-11-20,Chick Flatbread,0.0,0.17043913900852203
2025-11-21,Chick Flatbread,0.0,0.17043913900852203
2025-11-22,Chick Flatbread,0.0,0.17043913900852203
2025-11-23,Chick Flatbread,0.0,0.17043913900852203
2025-11-24,Chick Flatbread,0.0,0.17043913900852203
2025-11-25,Chick Flatbread,0.0,0.17043913900852203
2025-11-26,Chick Flatbread,0.0,0.17043913900852203
2025-11-27,Chick Flatbread,0.0,0.17043913900852203
2025-11-28,Chick Flatbread,0.0,0.17043913900852203
2025-11-29,Chick Flatbread,0.0,0.17043913900852203
2025-11-01,Chicken Club,9.0,3.663322925567627
2025-11-02,Chicken Club,4.0,2.7113406658172607
2025-11-03,Chicken Club,3.0,2.089045524597168
2025-11-04,Chicken Club,1.0,1.6513720750808716
2025-11-05,Chicken Club,2.0,1.6014153957366943
2025-11-06,Chicken Club,4.0,1.856074333190918
2025-11-07,Chicken Club,5.0,1.8935221433639526
2025-11-08,Chicken Club,7.0,2.118790864944458
2025-11-09,Chicken Club,1.0,2.2797553539276123
2025-11-10,Chicken Club,1.0,1.136555552482605
2025-11-11,Chicken Club,4.0,0.7052222490310669
2025-11-12,Chicken Club,0.0,0.5163505673408508
2025-11-13,Chicken Club,0.0,0.6898281574249268
2025-11-14,Chicken Club,0.0,0.7697281837463379
2025-11-15,Chicken Club,0.0,1.503345251083374
2025-11-16,Chicken Club,0.0,0.8104317784309387
2025-11-17,Chicken Club,0.0,0.17043913900852203
2025-11-18,Chicken Club,0.0,0.17043913900852203
2025-11-19,Chicken Club,0.0,0.17043913900852203
2025-11-20,Chicken Club,0.0,0.17043913900852203
2025-11-21,Chicken Club,0.0,0.17043913900852203
2025-11-22,Chicken Club,0.0,0.17043913900852203
2025-11-23,Chicken Club,0.0,0.17043913900852203
2025-11-24,Chicken Club,0.0,0.17043913900852203
2025-11-25,Chicken Club,0.0,0.17043913900852203
2025-11-26,Chicken Club,0.0,0.17043913900852203
2025-11-27,Chicken Club,0.0,0.17043913900852203
2025-11-28,Chicken Club,0.0,0.17043913900852203
2025-11-29,Chicken Club,0.0,0.17043913900852203
2025-11-01,Chilli Carne JP,3.0,1.5940107107162476
2025-11-02,Chilli Carne JP,1.0,1.7399613857269287
2025-11-03,Chilli Carne JP,3.0,1.056476354598999
2025-11-04,Chilli Carne JP,2.0,0.8920001983642578
2025-11-05,Chilli Carne JP,1.0,0.9425783753395081
2025-11-06,Chilli Carne JP,1.0,1.2238463163375854
2025-11-07,Chilli Carne JP,1.0,0.9223416447639465
2025-11-08,Chilli Carne JP,0.0,0.8976671099662781
2025-11-09,Chilli Carne JP,2.0,1.1100430488586426
2025-11-10,Chilli Carne JP,2.0,0.17396077513694763
2025-11-11,Chilli Carne JP,1.0,0.17043913900852203
2025-11-12,Chilli Carne JP,3.0,0.17043913900852203
2025-11-13,Chilli Carne JP,0.0,0.17043913900852203
2025-11-14,Chilli Carne JP,2.0,0.17043913900852203
2025-11-15,Chilli Carne JP,3.0,0.17043913900852203
2025-11-16,Chilli Carne JP,4.0,0.17043913900852203
2025-11-17,Chilli Carne JP,2.0,0.17043913900852203
2025-11-18,Chilli Carne JP,3.0,0.17043913900852203
2025-11-19,Chilli Carne JP,0.0,0.17043913900852203
2025-11-20,Chilli Carne JP,1.0,0.17043913900852203
2025-11-21,Chilli Carne JP,2.0,0.17043913900852203
2025-11-22,Chilli Carne JP,1.0,0.17043913900852203
2025-11-23,Chilli Carne JP,4.0,0.17043913900852203
2025-11-24,Chilli Carne JP,0.0,0.17043913900852203
2025-11-25,Chilli Carne JP,0.0,0.17043913900852203
2025-11-26,Chilli Carne JP,1.0,0.17043913900852203
2025-11-27,Chilli Carne JP,0.0,0.17043913900852203
2025-11-28,Chilli Carne JP,0.0,0.17043913900852203
2025-11-29,Chilli Carne JP,0.0,0.17043913900852203
2025-11-01,Egg Bacon Brioch,0.0,0.17043913900852203
2025-11-02,Egg Bacon Brioch,0.0,0.17043913900852203
2025-11-03,Egg Bacon Brioch,0.0,0.17043913900852203
2025-11-04,Egg Bacon Brioch,0.0,0.17043913900852203
2025-11-05,Egg Bacon Brioch,0.0,0.17043913900852203
2025-11-06,Egg Bacon Brioch,0.0,0.17043913900852203
2025-11-07,Egg Bacon Brioch,0.0,0.17043913900852203
2025-11-08,Egg Bacon Brioch,0.0,0.17043913900852203
2025-11-09,Egg Bacon Brioch,0.0,0.17043913900852203
2025-11-10,Egg Bacon Brioch,0.0,0.17043913900852203
2025-11-11,Egg Bacon Brioch,0.0,0.17043913900852203
2025-11-12,Egg Bacon Brioch,0.0,0.17043913900852203
2025-11-13,Egg Bacon Brioch,0.0,0.17043913900852203
2025-11-14,Egg Bacon Brioch,0.0,0.17043913900852203
2025-11-15,Egg Bacon Brioch,0.0,0.17043913900852203
2025-11-16,Egg Bacon Brioch,0.0,0.17043913900852203
2025-11-17,Egg Bacon Brioch,0.0,0.17043913900852203
2025-11-18,Egg Bacon Brioch,0.0,0.17043913900852203
2025-11-19,Egg Bacon Brioch,0.0,0.17043913900852203
2025-11-20,Egg Bacon Brioch,0.0,0.17043913900852203
2025-11-21,Egg Bacon Brioch,0.0,0.17043913900852203
2025-11-22,Egg Bacon Brioch,0.0,0.17043913900852203
2025-11-23,Egg Bacon Brioch,0.0,0.17043913900852203
2025-11-24,Egg Bacon Brioch,0.0,0.17043913900852203
2025-11-25,Egg Bacon Brioch,0.0,0.17043913900852203
2025-11-26,Egg Bacon Brioch,0.0,0.17043913900852203
2025-11-27,Egg Bacon Brioch,0.0,0.17043913900852203
2025-11-28,Egg Bacon Brioch,0.0,0.17043913900852203
2025-11-29,Egg Bacon Brioch,0.0,0.17043913900852203
2025-11-01,Egg Bap,1.0,1.0951530933380127
2025-11-02,Egg Bap,0.0,0.39011654257774353
2025-11-03,Egg Bap,3.0,0.17043913900852203
2025-11-04,Egg Bap,1.0,0.17043913900852203
2025-11-05,Egg Bap,1.0,0.17043913900852203
2025-11-06,Egg Bap,3.0,0.17043913900852203
2025-11-07,Egg Bap,2.0,0.17043913900852203
2025-11-08,Egg Bap,1.0,0.17043913900852203
2025-11-09,Egg Bap,1.0,0.17043913900852203
2025-11-10,Egg Bap,1.0,0.17043913900852203
2025-11-11,Egg Bap,2.0,0.17043913900852203
2025-11-12,Egg Bap,0.0,0.17043913900852203
2025-11-13,Egg Bap,4.0,0.17043913900852203
2025-11-14,Egg Bap,0.0,0.17043913900852203
2025-11-15,Egg Bap,6.0,0.17043913900852203
2025-11-16,Egg Bap,2.0,0.17043913900852203
2025-11-17,Egg Bap,1.0,0.17043913900852203
2025-11-18,Egg Bap,0.0,0.17043913900852203
2025-11-19,Egg Bap,0.0,0.17043913900852203
2025-11-20,Egg Bap,4.0,0.17043913900852203
2025-11-21,Egg Bap,2.0,0.17043913900852203
2025-11-22,Egg Bap,5.0,0.17043913900852203
2025-11-23,Egg Bap,0.0,0.17043913900852203
2025-11-24,Egg Bap,1.0,0.17043913900852203
2025-11-25,Egg Bap,0.0,0.17043913900852203
2025-11-26,Egg Bap,2.0,0.17043913900852203
2025-11-27,Egg Bap,2.0,0.17043913900852203
2025-11-28,Egg Bap,1.0,0.17043913900852203
2025-11-29,Egg Bap,3.0,0.17043913900852203
2025-11-01,Extra Beans,0.0,0.17043913900852203
2025-11-02,Extra Beans,0.0,0.17043913900852203
2025-11-03,Extra Beans,0.0,0.17043913900852203
2025-11-04,Extra Beans,0.0,0.17043913900852203
2025-11-05,Extra Beans,0.0,0.17043913900852203
2025-11-06,Extra Beans,0.0,0.17043913900852203
2025-11-07,Extra Beans,0.0,0.17043913900852203
2025-11-08,Extra Beans,0.0,0.17043913900852203
2025-11-09,Extra Beans,0.0,0.17043913900852203
2025-11-10,Extra Beans,0.0,0.17043913900852203
2025-11-11,Extra Beans,0.0,0.17043913900852203
2025-11-12,Extra Beans,0.0,0.17043913900852203
2025-11-13,Extra Beans,0.0,0.17043913900852203
2025-11-14,Extra Beans,0.0,0.17043913900852203
2025-11-15,Extra Beans,0.0,0.17043913900852203
2025-11-16,Extra Beans,0.0,0.17043913900852203
2025-11-17,Extra Beans,0.0,0.17043913900852203
2025-11-18,Extra Beans,0.0,0.17043913900852203
2025-11-19,Extra Beans,0.0,0.17043913900852203
2025-11-20,Extra Beans,0.0,0.17043913900852203
2025-11-21,Extra Beans,0.0,0.17043913900852203
2025-11-22,Extra Beans,0.0,0.17043913900852203
2025-11-23,Extra Beans,0.0,0.17043913900852203
2025-11-24,Extra Beans,0.0,0.17043913900852203
2025-11-25,Extra Beans,0.0,0.17043913900852203
2025-11-26,Extra Beans,0.0,0.17043913900852203
2025-11-27,Extra Beans,0.0,0.17043913900852203
2025-11-28,Extra Beans,0.0,0.17043913900852203
2025-11-29,Extra Beans,0.0,0.17043913900852203
2025-11-01,F.Eggs on Toast,2.0,1.2329977750778198
2025-11-02,F.Eggs on Toast,3.0,1.3798010349273682
2025-11-03,F.Eggs on Toast,1.0,0.4297380745410919
2025-11-04,F.Eggs on Toast,0.0,0.26674193143844604
2025-11-05,F.Eggs on Toast,1.0,0.17043913900852203
2025-11-06,F.Eggs on Toast,0.0,0.3061145842075348
2025-11-07,F.Eggs on Toast,0.0,0.17043913900852203
2025-11-08,F.Eggs on Toast,1.0,0.17043913900852203
2025-11-09,F.Eggs on Toast,4.0,0.17043913900852203
2025-11-10,F.Eggs on Toast,0.0,0.17043913900852203
2025-11-11,F.Eggs on Toast,0.0,0.17043913900852203
2025-11-12,F.Eggs on Toast,2.0,0.17043913900852203
2025-11-13,F.Eggs on Toast,2.0,0.17043913900852203
2025-11-14,F.Eggs on Toast,2.0,0.17043913900852203
2025-11-15,F.Eggs on Toast,6.0,0.17043913900852203
2025-11-16,F.Eggs on Toast,0.0,0.17043913900852203
2025-11-17,F.Eggs on Toast,1.0,0.17043913900852203
2025-11-18,F.Eggs on Toast,1.0,0.17043913900852203
2025-11-19,F.Eggs on Toast,2.0,0.17043913900852203
2025-11-20,F.Eggs on Toast,1.0,0.17043913900852203
2025-11-21,F.Eggs on Toast,3.0,0.17043913900852203
2025-11-22,F.Eggs on Toast,3.0,0.17043913900852203
2025-11-23,F.Eggs on Toast,2.0,0.17043913900852203
2025-11-24,F.Eggs on Toast,2.0,0.17043913900852203
2025-11-25,F.Eggs on Toast,1.0,0.17043913900852203
2025-11-26,F.Eggs on Toast,3.0,0.17043913900852203
2025-11-27,F.Eggs on Toast,2.0,0.17043913900852203
2025-11-28,F.Eggs on Toast,4.0,0.17043913900852203
2025-11-29,F.Eggs on Toast,1.0,0.17043913900852203
2025-11-01,Festive Stack,0.0,0.17043913900852203
2025-11-02,Festive Stack,0.0,0.17043913900852203
2025-11-03,Festive Stack,0.0,0.17043913900852203
2025-11-04,Festive Stack,0.0,0.17043913900852203
2025-11-05,Festive Stack,0.0,0.17043913900852203
2025-11-06,Festive Stack,0.0,0.17043913900852203
2025-11-07,Festive Stack,0.0,0.17043913900852203
2025-11-08,Festive Stack,0.0,0.17043913900852203
2025-11-09,Festive Stack,0.0,0.17043913900852203
2025-11-10,Festive Stack,0.0,0.17043913900852203
2025-11-11,Festive Stack,0.0,0.17043913900852203
2025-11-12,Festive Stack,7.0,0.17043913900852203
2025-11-13,Festive Stack,5.0,0.17043913900852203
2025-11-14,Festive Stack,8.0,0.17043913900852203
2025-11-15,Festive Stack,6.0,0.17043913900852203
2025-11-16,Festive Stack,7.0,0.17043913900852203
2025-11-17,Festive Stack,3.0,0.17043913900852203
2025-11-18,Festive Stack,3.0,0.17043913900852203
2025-11-19,Festive Stack,2.0,0.17043913900852203
2025-11-20,Festive Stack,1.0,0.17043913900852203
2025-11-21,Festive Stack,3.0,0.17043913900852203
2025-11-22,Festive Stack,3.0,0.17043913900852203
2025-11-23,Festive Stack,4.0,0.17043913900852203
2025-11-24,Festive Stack,4.0,0.17043913900852203
2025-11-25,Festive Stack,1.0,0.17043913900852203
2025-11-26,Festive Stack,2.0,0.17043913900852203
2025-11-27,Festive Stack,8.0,0.17043913900852203
2025-11-28,Festive Stack,3.0,0.17043913900852203
2025-11-29,Festive Stack,6.0,0.17043913900852203
2025-11-01,Fried Egg,10.0,7.181774139404297
2025-11-02,Fried Egg,11.0,7.27823543548584
2025-11-03,Fried Egg,3.0,5.697704792022705
2025-11-04,Fried Egg,6.0,5.3606648445129395
2025-11-05,Fried Egg,4.0,4.072887897491455
2025-11-06,Fried Egg,3.0,4.4467267990112305
2025-11-07,Fried Egg,11.0,5.174577713012695
2025-11-08,Fried Egg,12.0,5.476579189300537
2025-11-09,Fried Egg,7.0,5.4143805503845215
2025-11-10,Fried Egg,2.0,3.554685115814209
2025-11-11,Fried Egg,11.0,3.0336263179779053
2025-11-12,Fried Egg,9.0,2.9263546466827393
2025-11-13,Fried Egg,9.0,3.325467109680176
2025-11-14,Fried Egg,14.0,3.562638282775879
2025-11-15,Fried Egg,11.0,4.5542893409729
2025-11-16,Fried Egg,15.000000953674316,4.031494140625
2025-11-17,Fried Egg,13.0,2.2452821731567383
2025-11-18,Fried Egg,8.0,1.7636879682540894
2025-11-19,Fried Egg,2.0,1.3069108724594116
2025-11-20,Fried Egg,11.0,1.2750035524368286
2025-11-21,Fried Egg,9.0,1.5557596683502197
2025-11-22,Fried Egg,10.0,2.0063886642456055
2025-11-23,Fried Egg,14.0,1.8477586507797241
2025-11-24,Fried Egg,11.0,0.17043913900852203
2025-11-25,Fried Egg,3.0,0.17043913900852203
2025-11-26,Fried Egg,3.0,0.17043913900852203
2025-11-27,Fried Egg,5.0,0.17043913900852203
2025-11-28,Fried Egg,9.0,0.20010599493980408
2025-11-29,Fried Egg,5.0,0.8806586861610413
2025-11-01,Hash Brown,4.0,3.01251482963562
2025-11-02,Hash Brown,5.0,3.3516790866851807
2025-11-03,Hash Brown,3.0,1.514671802520752
2025-11-04,Hash Brown,4.0,1.4547313451766968
2025-11-05,Hash Brown,2.0,1.3854470252990723
2025-11-06,Hash Brown,2.0,1.7175405025482178
2025-11-07,Hash Brown,5.0,1.6481679677963257
2025-11-08,Hash Brown,3.0,1.8972808122634888
2025-11-09,Hash Brown,5.0,2.0268125534057617
2025-11-10,Hash Brown,0.0,0.5127302408218384
2025-11-11,Hash Brown,4.0,0.23462720215320587
2025-11-12,Hash Brown,4.0,0.17043913900852203
2025-11-13,Hash Brown,5.0,0.17043913900852203
2025-11-14,Hash Brown,2.0,0.29719555377960205
2025-11-15,Hash Brown,3.0,0.7571953535079956
2025-11-16,Hash Brown,3.0,0.17043913900852203
2025-11-17,Hash Brown,4.0,0.17043913900852203
2025-11-18,Hash Brown,0.0,0.17043913900852203
2025-11-19,Hash Brown,2.0,0.17043913900852203
2025-11-20,Hash Brown,2.0,0.17043913900852203
2025-11-21,Hash Brown,5.0,0.17043913900852203
2025-11-22,Hash Brown,2.0,0.17043913900852203
2025-11-23,Hash Brown,2.0,0.17043913900852203
2025-11-24,Hash Brown,8.0,0.17043913900852203
2025-11-25,Hash Brown,4.0,0.17043913900852203
2025-11-26,Hash Brown,0.0,0.17043913900852203
2025-11-27,Hash Brown,0.0,0.17043913900852203
2025-11-28,Hash Brown,0.0,0.17043913900852203
2025-11-29,Hash Brown,3.0,0.17043913900852203
2025-11-01,Hash Brown Bites,0.0,0.17043913900852203
2025-11-02,Hash Brown Bites,0.0,0.17043913900852203
2025-11-03,Hash Brown Bites,0.0,0.17043913900852203
2025-11-04,Hash Brown Bites,0.0,0.17043913900852203
2025-11-05,Hash Brown Bites,0.0,0.17043913900852203
2025-11-06,Hash Brown Bites,0.0,0.17043913900852203
2025-11-07,Hash Brown Bites,0.0,0.17043913900852203
2025-11-08,Hash Brown Bites,0.0,0.17043913900852203
2025-11-09,Hash Brown Bites,0.0,0.17043913900852203
2025-11-10,Hash Brown Bites,0.0,0.17043913900852203
2025-11-11,Hash Brown Bites,0.0,0.17043913900852203
2025-11-12,Hash Brown Bites,0.0,0.17043913900852203
2025-11-13,Hash Brown Bites,0.0,0.17043913900852203
2025-11-14,Hash Brown Bites,0.0,0.17043913900852203
2025-11-15,Hash Brown Bites,0.0,0.17043913900852203
2025-11-16,Hash Brown Bites,0.0,0.17043913900852203
2025-11-17,Hash Brown Bites,0.0,0.17043913900852203
2025-11-18,Hash Brown Bites,0.0,0.17043913900852203
2025-11-19,Hash Brown Bites,0.0,0.17043913900852203
2025-11-20,Hash Brown Bites,0.0,0.17043913900852203
2025-11-21,Hash Brown Bites,0.0,0.17043913900852203
2025-11-22,Hash Brown Bites,0.0,0.17043913900852203
2025-11-23,Hash Brown Bites,0.0,0.17043913900852203
2025-11-24,Hash Brown Bites,0.0,0.17043913900852203
2025-11-25,Hash Brown Bites,0.0,0.17043913900852203
2025-11-26,Hash Brown Bites,0.0,0.17043913900852203
2025-11-27,Hash Brown Bites,0.0,0.17043913900852203
2025-11-28,Hash Brown Bites,0.0,0.17043913900852203
2025-11-29,Hash Brown Bites,0.0,0.17043913900852203
2025-11-01,Little Avo Toast,0.0,0.17043913900852203
2025-11-02,Little Avo Toast,0.0,0.17043913900852203
2025-11-03,Little Avo Toast,0.0,0.17043913900852203
2025-11-04,Little Avo Toast,0.0,0.17043913900852203
2025-11-05,Little Avo Toast,0.0,0.17043913900852203
2025-11-06,Little Avo Toast,0.0,0.17043913900852203
2025-11-07,Little Avo Toast,0.0,0.17043913900852203
2025-11-08,Little Avo Toast,0.0,0.17043913900852203
2025-11-09,Little Avo Toast,0.0,0.17043913900852203
2025-11-10,Little Avo Toast,0.0,0.17043913900852203
2025-11-11,Little Avo Toast,0.0,0.17043913900852203
2025-11-12,Little Avo Toast,0.0,0.17043913900852203
2025-11-13,Little Avo Toast,0.0,0.17043913900852203
2025-11-14,Little Avo Toast,0.0,0.17043913900852203
2025-11-15,Little Avo Toast,0.0,0.17043913900852203
2025-11-16,Little Avo Toast,0.0,0.17043913900852203
2025-11-17,Little Avo Toast,0.0,0.17043913900852203
2025-11-18,Little Avo Toast,0.0,0.17043913900852203
2025-11-19,Little Avo Toast,0.0,0.17043913900852203
2025-11-20,Little Avo Toast,0.0,0.17043913900852203
2025-11-21,Little Avo Toast,0.0,0.17043913900852203
2025-11-22,Little Avo Toast,0.0,0.17043913900852203
2025-11-23,Little Avo Toast,0.0,0.17043913900852203
2025-11-24,Little Avo Toast,0.0,0.17043913900852203
2025-11-25,Little Avo Toast,0.0,0.17043913900852203
2025-11-26,Little Avo Toast,0.0,0.17043913900852203
2025-11-27,Little Avo Toast,0.0,0.17043913900852203
2025-11-28,Little Avo Toast,0.0,0.17043913900852203
2025-11-29,Little Avo Toast,0.0,0.17043913900852203
2025-11-01,Little Bean Toas,0.0,0.17043913900852203
2025-11-02,Little Bean Toas,0.0,0.17043913900852203
2025-11-03,Little Bean Toas,0.0,0.17043913900852203
2025-11-04,Little Bean Toas,0.0,0.17043913900852203
2025-11-05,Little Bean Toas,0.0,0.17043913900852203
2025-11-06,Little Bean Toas,0.0,0.17043913900852203
2025-11-07,Little Bean Toas,0.0,0.17043913900852203
2025-11-08,Little Bean Toas,0.0,0.17043913900852203
2025-11-09,Little Bean Toas,0.0,0.17043913900852203
2025-11-10,Little Bean Toas,0.0,0.17043913900852203
2025-11-11,Little Bean Toas,0.0,0.17043913900852203
2025-11-12,Little Bean Toas,0.0,0.17043913900852203
2025-11-13,Little Bean Toas,0.0,0.17043913900852203
2025-11-14,Little Bean Toas,0.0,0.17043913900852203
2025-11-15,Little Bean Toas,0.0,0.17043913900852203
2025-11-16,Little Bean Toas,0.0,0.17043913900852203
2025-11-17,Little Bean Toas,0.0,0.17043913900852203
2025-11-18,Little Bean Toas,0.0,0.17043913900852203
2025-11-19,Little Bean Toas,0.0,0.17043913900852203
2025-11-20,Little Bean Toas,0.0,0.17043913900852203
2025-11-21,Little Bean Toas,0.0,0.17043913900852203
2025-11-22,Little Bean Toas,0.0,0.17043913900852203
2025-11-23,Little Bean Toas,0.0,0.17043913900852203
2025-11-24,Little Bean Toas,0.0,0.17043913900852203
2025-11-25,Little Bean Toas,0.0,0.17043913900852203
2025-11-26,Little Bean Toas,0.0,0.17043913900852203
2025-11-27,Little Bean Toas,0.0,0.17043913900852203
2025-11-28,Little Bean Toas,0.0,0.17043913900852203
2025-11-29,Little Bean Toas,0.0,0.17043913900852203
2025-11-01,Little Egg Toast,0.0,0.17043913900852203
2025-11-02,Little Egg Toast,0.0,0.17043913900852203
2025-11-03,Little Egg Toast,0.0,0.17043913900852203
2025-11-04,Little Egg Toast,0.0,0.17043913900852203
2025-11-05,Little Egg Toast,0.0,0.17043913900852203
2025-11-06,Little Egg Toast,0.0,0.17043913900852203
2025-11-07,Little Egg Toast,0.0,0.17043913900852203
2025-11-08,Little Egg Toast,0.0,0.17043913900852203
2025-11-09,Little Egg Toast,0.0,0.17043913900852203
2025-11-10,Little Egg Toast,0.0,0.17043913900852203
2025-11-11,Little Egg Toast,0.0,0.17043913900852203
2025-11-12,Little Egg Toast,0.0,0.17043913900852203
2025-11-13,Little Egg Toast,0.0,0.17043913900852203
2025-11-14,Little Egg Toast,0.0,0.17043913900852203
2025-11-15,Little Egg Toast,0.0,0.17043913900852203
2025-11-16,Little Egg Toast,0.0,0.17043913900852203
2025-11-17,Little Egg Toast,0.0,0.17043913900852203
2025-11-18,Little Egg Toast,0.0,0.17043913900852203
2025-11-19,Little Egg Toast,0.0,0.17043913900852203
2025-11-20,Little Egg Toast,0.0,0.17043913900852203
2025-11-21,Little Egg Toast,0.0,0.17043913900852203
2025-11-22,Little Egg Toast,0.0,0.17043913900852203
2025-11-23,Little Egg Toast,0.0,0.17043913900852203
2025-11-24,Little Egg Toast,0.0,0.17043913900852203
2025-11-25,Little Egg Toast,0.0,0.17043913900852203
2025-11-26,Little Egg Toast,0.0,0.17043913900852203
2025-11-27,Little Egg Toast,0.0,0.17043913900852203
2025-11-28,Little Egg Toast,0.0,0.17043913900852203
2025-11-29,Little Egg Toast,0.0,0.17043913900852203
2025-11-01,Ltle Bfast Bacon,3.0,0.17043913900852203
2025-11-02,Ltle Bfast Bacon,3.0,0.17043913900852203
2025-11-03,Ltle Bfast Bacon,0.0,0.17043913900852203
2025-11-04,Ltle Bfast Bacon,0.0,0.17043913900852203
2025-11-05,Ltle Bfast Bacon,0.0,0.17043913900852203
2025-11-06,Ltle Bfast Bacon,0.0,0.17043913900852203
2025-11-07,Ltle Bfast Bacon,0.0,0.17043913900852203
2025-11-08,Ltle Bfast Bacon,1.0,0.17043913900852203
2025-11-09,Ltle Bfast Bacon,1.0,0.17043913900852203
2025-11-10,Ltle Bfast Bacon,0.0,0.17043913900852203
2025-11-11,Ltle Bfast Bacon,0.0,0.17043913900852203
2025-11-12,Ltle Bfast Bacon,2.0,0.17043913900852203
2025-11-13,Ltle Bfast Bacon,0.0,0.17043913900852203
2025-11-14,Ltle Bfast Bacon,0.0,0.17043913900852203
2025-11-15,Ltle Bfast Bacon,2.0,0.17043913900852203
2025-11-16,Ltle Bfast Bacon,1.0,0.17043913900852203
2025-11-17,Ltle Bfast Bacon,0.0,0.17043913900852203
2025-11-18,Ltle Bfast Bacon,0.0,0.17043913900852203
2025-11-19,Ltle Bfast Bacon,0.0,0.17043913900852203
2025-11-20,Ltle Bfast Bacon,1.0,0.17043913900852203
2025-11-21,Ltle Bfast Bacon,0.0,0.17043913900852203
2025-11-22,Ltle Bfast Bacon,0.0,0.17043913900852203
2025-11-23,Ltle Bfast Bacon,0.0,0.17043913900852203
2025-11-24,Ltle Bfast Bacon,1.0,0.17043913900852203
2025-11-25,Ltle Bfast Bacon,0.0,0.17043913900852203
2025-11-26,Ltle Bfast Bacon,0.0,0.17043913900852203
2025-11-27,Ltle Bfast Bacon,0.0,0.17043913900852203
2025-11-28,Ltle Bfast Bacon,0.0,0.17043913900852203
2025-11-29,Ltle Bfast Bacon,1.0,0.17043913900852203
2025-11-01,Ltle Bfast Saus,4.0,2.233428716659546
2025-11-02,Ltle Bfast Saus,2.0,2.7672579288482666
2025-11-03,Ltle Bfast Saus,1.0,1.4658342599868774
2025-11-04,Ltle Bfast Saus,0.0,1.0624502897262573
2025-11-05,Ltle Bfast Saus,0.0,0.8453377485275269
2025-11-06,Ltle Bfast Saus,1.0,1.4998399019241333
2025-11-07,Ltle Bfast Saus,4.0,1.5413405895233154
2025-11-08,Ltle Bfast Saus,0.0,1.3438671827316284
2025-11-09,Ltle Bfast Saus,4.0,1.9553784132003784
2025-11-10,Ltle Bfast Saus,2.0,0.2808763086795807
2025-11-11,Ltle Bfast Saus,0.0,0.17043913900852203
2025-11-12,Ltle Bfast Saus,1.0,0.17043913900852203
2025-11-13,Ltle Bfast Saus,1.0,0.17043913900852203
2025-11-14,Ltle Bfast Saus,3.0,0.17043913900852203
2025-11-15,Ltle Bfast Saus,2.0,0.43204259872436523
2025-11-16,Ltle Bfast Saus,2.0,0.17043913900852203
2025-11-17,Ltle Bfast Saus,2.0,0.17043913900852203
2025-11-18,Ltle Bfast Saus,0.0,0.17043913900852203
2025-11-19,Ltle Bfast Saus,0.0,0.17043913900852203
2025-11-20,Ltle Bfast Saus,1.0,0.17043913900852203
2025-11-21,Ltle Bfast Saus,0.0,0.17043913900852203
2025-11-22,Ltle Bfast Saus,1.0,0.17043913900852203
2025-11-23,Ltle Bfast Saus,4.0,0.17043913900852203
2025-11-24,Ltle Bfast Saus,4.0,0.17043913900852203
2025-11-25,Ltle Bfast Saus,1.0,0.17043913900852203
2025-11-26,Ltle Bfast Saus,0.0,0.17043913900852203
2025-11-27,Ltle Bfast Saus,3.0,0.17043913900852203
2025-11-28,Ltle Bfast Saus,3.0,0.17043913900852203
2025-11-29,Ltle Bfast Saus,5.0,0.17043913900852203
2025-11-01,Mini Hash Browns,5.0,2.243441104888916
2025-11-02,Mini Hash Browns,2.0,2.8051564693450928
2025-11-03,Mini Hash Browns,2.0,1.0586925745010376
2025-11-04,Mini Hash Browns,0.0,0.7043097019195557
2025-11-05,Mini Hash Browns,2.0,0.43859875202178955
2025-11-06,Mini Hash Browns,3.0,0.9804158806800842
2025-11-07,Mini Hash Browns,0.0,1.2030407190322876
2025-11-08,Mini Hash Browns,2.0,1.8583983182907104
2025-11-09,Mini Hash Browns,2.0,1.8446577787399292
2025-11-10,Mini Hash Browns,1.0,0.21161150932312012
2025-11-11,Mini Hash Browns,1.0,0.17043913900852203
2025-11-12,Mini Hash Browns,1.0,0.17043913900852203
2025-11-13,Mini Hash Browns,3.0,0.17043913900852203
2025-11-14,Mini Hash Browns,1.0,0.17043913900852203
2025-11-15,Mini Hash Browns,3.0,0.39393699169158936
2025-11-16,Mini Hash Browns,3.0,0.17043913900852203
2025-11-17,Mini Hash Browns,0.0,0.17043913900852203
2025-11-18,Mini Hash Browns,1.0,0.17043913900852203
2025-11-19,Mini Hash Browns,2.0,0.17043913900852203
2025-11-20,Mini Hash Browns,3.0,0.17043913900852203
2025-11-21,Mini Hash Browns,1.0,0.17043913900852203
2025-11-22,Mini Hash Browns,5.0,0.17043913900852203
2025-11-23,Mini Hash Browns,1.0,0.17043913900852203
2025-11-24,Mini Hash Browns,2.0,0.17043913900852203
2025-11-25,Mini Hash Browns,2.0,0.17043913900852203
2025-11-26,Mini Hash Browns,1.0,0.17043913900852203
2025-11-27,Mini Hash Browns,1.0,0.17043913900852203
2025-11-28,Mini Hash Browns,1.0,0.17043913900852203
2025-11-29,Mini Hash Browns,1.0,0.17043913900852203
2025-11-01,P.Eggs on Toast,3.0,6.737010478973389
2025-11-02,P.Eggs on Toast,4.0,5.30144739151001
2025-11-03,P.Eggs on Toast,9.0,3.9748945236206055
2025-11-04,P.Eggs on Toast,5.0,4.248023509979248
2025-11-05,P.Eggs on Toast,3.0,4.2011871337890625
2025-11-06,P.Eggs on Toast,8.0,5.328305721282959
2025-11-07,P.Eggs on Toast,3.0,5.818492412567139
2025-11-08,P.Eggs on Toast,6.0,5.102761268615723
2025-11-09,P.Eggs on Toast,7.0,4.4792704582214355
2025-11-10,P.Eggs on Toast,7.0,3.377657413482666
2025-11-11,P.Eggs on Toast,6.0,3.204956531524658
2025-11-12,P.Eggs on Toast,6.0,3.3586013317108154
2025-11-13,P.Eggs on Toast,8.0,3.7197835445404053
2025-11-14,P.Eggs on Toast,7.0,3.921865940093994
2025-11-15,P.Eggs on Toast,4.0,4.366806507110596
2025-11-16,P.Eggs on Toast,10.0,3.7135672569274902
2025-11-17,P.Eggs on Toast,6.0,2.322131872177124
2025-11-18,P.Eggs on Toast,5.0,1.890009880065918
2025-11-19,P.Eggs on Toast,3.0,1.487792730331421
2025-11-20,P.Eggs on Toast,5.0,1.4093143939971924
2025-11-21,P.Eggs on Toast,8.0,1.5946162939071655
2025-11-22,P.Eggs on Toast,4.0,2.0558454990386963
2025-11-23,P.Eggs on Toast,4.0,1.9466617107391357
2025-11-24,P.Eggs on Toast,5.0,0.29094406962394714
2025-11-25,P.Eggs on Toast,3.0,0.17043913900852203
2025-11-26,P.Eggs on Toast,5.0,0.17043913900852203
2025-11-27,P.Eggs on Toast,4.0,0.17043913900852203
2025-11-28,P.Eggs on Toast,5.0,0.25609704852104187
2025-11-29,P.Eggs on Toast,7.0,0.8183600902557373
2025-11-01,Poached Egg,7.0,3.8507628440856934
2025-11-02,Poached Egg,5.0,3.669788122177124
2025-11-03,Poached Egg,0.0,2.0795552730560303
2025-11-04,Poached Egg,1.0,2.1192128658294678
2025-11-05,Poached Egg,4.0,2.2956135272979736
2025-11-06,Poached Egg,6.0,2.772657871246338
2025-11-07,Poached Egg,3.0,2.8078291416168213
2025-11-08,Poached Egg,7.0,2.6426849365234375
2025-11-09,Poached Egg,11.0,2.560443639755249
2025-11-10,Poached Egg,0.0,1.2965115308761597
2025-11-11,Poached Egg,2.0,1.1420270204544067
2025-11-12,Poached Egg,1.0,1.0867195129394531
2025-11-13,Poached Egg,3.0,1.4326387643814087
2025-11-14,Poached Egg,2.0,1.5660297870635986
2025-11-15,Poached Egg,1.0,2.2227606773376465
2025-11-16,Poached Egg,2.0,1.7855225801467896
2025-11-17,Poached Egg,2.0,0.3805428445339203
2025-11-18,Poached Egg,0.0,0.17043913900852203
2025-11-19,Poached Egg,1.0,0.17043913900852203
2025-11-20,Poached Egg,5.0,0.17043913900852203
2025-11-21,Poached Egg,6.0,0.17043913900852203
2025-11-22,Poached Egg,2.0,0.17043913900852203
2025-11-23,Poached Egg,2.0,0.17043913900852203
2025-11-24,Poached Egg,5.0,0.17043913900852203
2025-11-25,Poached Egg,2.0,0.17043913900852203
2025-11-26,Poached Egg,6.0,0.17043913900852203
2025-11-27,Poached Egg,3.0,0.17043913900852203
2025-11-28,Poached Egg,0.0,0.17043913900852203
2025-11-29,Poached Egg,1.0,0.17043913900852203
2025-11-01,Posh Beans,1.0,1.007487177848816
2025-11-02,Posh Beans,0.0,1.2108585834503174
2025-11-03,Posh Beans,1.0,0.17043913900852203
2025-11-04,Posh Beans,2.0,0.17043913900852203
2025-11-05,Posh Beans,1.0,0.17043913900852203
2025-11-06,Posh Beans,1.0,0.17043913900852203
2025-11-07,Posh Beans,3.0,0.17043913900852203
2025-11-08,Posh Beans,2.0,0.17043913900852203
2025-11-09,Posh Beans,0.0,0.17043913900852203
2025-11-10,Posh Beans,2.0,0.17043913900852203
2025-11-11,Posh Beans,0.0,0.17043913900852203
2025-11-12,Posh Beans,1.0,0.17043913900852203
2025-11-13,Posh Beans,3.0,0.17043913900852203
2025-11-14,Posh Beans,1.0,0.17043913900852203
2025-11-15,Posh Beans,0.0,0.17043913900852203
2025-11-16,Posh Beans,2.0,0.17043913900852203
2025-11-17,Posh Beans,0.0,0.17043913900852203
2025-11-18,Posh Beans,0.0,0.17043913900852203
2025-11-19,Posh Beans,4.0,0.17043913900852203
2025-11-20,Posh Beans,1.0,0.17043913900852203
2025-11-21,Posh Beans,2.0,0.17043913900852203
2025-11-22,Posh Beans,1.0,0.17043913900852203
2025-11-23,Posh Beans,0.0,0.17043913900852203
2025-11-24,Posh Beans,1.0,0.17043913900852203
2025-11-25,Posh Beans,0.0,0.17043913900852203
2025-11-26,Posh Beans,2.0,0.17043913900852203
2025-11-27,Posh Beans,0.0,0.17043913900852203
2025-11-28,Posh Beans,0.0,0.17043913900852203
2025-11-29,Posh Beans,0.0,0.17043913900852203
2025-11-01,Roll & Butter ,2.0,1.9734684228897095
2025-11-02,Roll & Butter ,4.0,2.066441535949707
2025-11-03,Roll & Butter ,2.0,1.3112461566925049
2025-11-04,Roll & Butter ,2.0,1.1176426410675049
2025-11-05,Roll & Butter ,1.0,0.6018618941307068
2025-11-06,Roll & Butter ,1.0,0.9617803692817688
2025-11-07,Roll & Butter ,2.0,0.986906886100769
2025-11-08,Roll & Butter ,2.0,0.8933785557746887
2025-11-09,Roll & Butter ,1.0,1.3124220371246338
2025-11-10,Roll & Butter ,0.0,0.17043913900852203
2025-11-11,Roll & Butter ,4.0,0.17043913900852203
2025-11-12,Roll & Butter ,3.0,0.17043913900852203
2025-11-13,Roll & Butter ,1.0,0.17043913900852203
2025-11-14,Roll & Butter ,2.0,0.17043913900852203
2025-11-15,Roll & Butter ,2.0,0.17043913900852203
2025-11-16,Roll & Butter ,1.0,0.17043913900852203
2025-11-17,Roll & Butter ,5.0,0.17043913900852203
2025-11-18,Roll & Butter ,9.0,0.17043913900852203
2025-11-19,Roll & Butter ,1.0,0.17043913900852203
2025-11-20,Roll & Butter ,1.0,0.17043913900852203
2025-11-21,Roll & Butter ,1.0,0.17043913900852203
2025-11-22,Roll & Butter ,1.0,0.17043913900852203
2025-11-23,Roll & Butter ,3.0,0.17043913900852203
2025-11-24,Roll & Butter ,2.0,0.17043913900852203
2025-11-25,Roll & Butter ,0.0,0.17043913900852203
2025-11-26,Roll & Butter ,1.0,0.17043913900852203
2025-11-27,Roll & Butter ,1.0,0.17043913900852203
2025-11-28,Roll & Butter ,1.0,0.17043913900852203
2025-11-29,Roll & Butter ,2.0,0.17043913900852203
2025-11-01,S.Eggs on Toast,2.0,2.7335572242736816
2025-11-02,S.Eggs on Toast,6.0,3.2591397762298584
2025-11-03,S.Eggs on Toast,4.0,2.063579559326172
2025-11-04,S.Eggs on Toast,5.0,1.7717101573944092
2025-11-05,S.Eggs on Toast,4.0,1.5169740915298462
2025-11-06,S.Eggs on Toast,6.0,1.8716081380844116
2025-11-07,S.Eggs on Toast,4.0,2.5415360927581787
2025-11-08,S.Eggs on Toast,1.0,2.5528180599212646
2025-11-09,S.Eggs on Toast,5.0,2.55940842628479
2025-11-10,S.Eggs on Toast,1.0,1.2168853282928467
2025-11-11,S.Eggs on Toast,5.0,0.9365111589431763
2025-11-12,S.Eggs on Toast,0.0,0.6604794263839722
2025-11-13,S.Eggs on Toast,3.0,1.2193992137908936
2025-11-14,S.Eggs on Toast,5.0,1.5190688371658325
2025-11-15,S.Eggs on Toast,5.0,1.9616851806640625
2025-11-16,S.Eggs on Toast,5.0,1.602389931678772
2025-11-17,S.Eggs on Toast,3.0,0.21805104613304138
2025-11-18,S.Eggs on Toast,2.0,0.17043913900852203
2025-11-19,S.Eggs on Toast,1.0,0.17043913900852203
2025-11-20,S.Eggs on Toast,1.0,0.17043913900852203
2025-11-21,S.Eggs on Toast,1.0,0.17043913900852203
2025-11-22,S.Eggs on Toast,10.0,0.17043913900852203
2025-11-23,S.Eggs on Toast,5.0,0.17043913900852203
2025-11-24,S.Eggs on Toast,1.0,0.17043913900852203
2025-11-25,S.Eggs on Toast,1.0,0.17043913900852203
2025-11-26,S.Eggs on Toast,3.0,0.17043913900852203
2025-11-27,S.Eggs on Toast,3.0,0.17043913900852203
2025-11-28,S.Eggs on Toast,0.0,0.17043913900852203
2025-11-29,S.Eggs on Toast,2.0,0.17043913900852203
2025-11-01,Sausage,15.0,9.21562671661377
2025-11-02,Sausage,5.0,8.284656524658203
2025-11-03,Sausage,6.0,4.724486827850342
2025-11-04,Sausage,3.0,3.8080875873565674
2025-11-05,Sausage,4.0,3.900618314743042
2025-11-06,Sausage,3.0,5.242917060852051
2025-11-07,Sausage,12.0,6.762091159820557
2025-11-08,Sausage,12.0,6.149756908416748
2025-11-09,Sausage,13.0,5.635117530822754
2025-11-10,Sausage,4.0,3.364135503768921
2025-11-11,Sausage,4.0,3.114133834838867
2025-11-12,Sausage,2.0,3.3122355937957764
2025-11-13,Sausage,11.0,3.846266269683838
2025-11-14,Sausage,1.0,4.403594493865967
2025-11-15,Sausage,8.0,5.096068859100342
2025-11-16,Sausage,14.0,4.265387058258057
2025-11-17,Sausage,5.0,2.527383327484131
2025-11-18,Sausage,0.0,2.051896333694458
2025-11-19,Sausage,3.0,1.648120403289795
2025-11-20,Sausage,7.0,1.5781790018081665
2025-11-21,Sausage,5.0,1.8435711860656738
2025-11-22,Sausage,11.0,2.518080949783325
2025-11-23,Sausage,6.0,2.2789947986602783
2025-11-24,Sausage,6.0,0.5127226710319519
2025-11-25,Sausage,3.0,0.17043913900852203
2025-11-26,Sausage,5.0,0.17043913900852203
2025-11-27,Sausage,6.0,0.17043913900852203
2025-11-28,Sausage,5.0,0.5202115178108215
2025-11-29,Sausage,5.0,1.188450813293457
2025-11-01,Sausage Bap,22.0,12.425504684448242
2025-11-02,Sausage Bap,17.0,9.934141159057617
2025-11-03,Sausage Bap,11.0,6.013845443725586
2025-11-04,Sausage Bap,14.0,6.124757766723633
2025-11-05,Sausage Bap,4.0,5.184394359588623
2025-11-06,Sausage Bap,8.0,6.10293436050415
2025-11-07,Sausage Bap,7.0,7.536818504333496
2025-11-08,Sausage Bap,22.0,8.6390380859375
2025-11-09,Sausage Bap,13.0,7.482710361480713
2025-11-10,Sausage Bap,6.0,4.917344093322754
2025-11-11,Sausage Bap,7.0,4.295550346374512
2025-11-12,Sausage Bap,8.0,4.241609573364258
2025-11-13,Sausage Bap,7.0,4.789135456085205
2025-11-14,Sausage Bap,15.0,5.444209098815918
2025-11-15,Sausage Bap,18.0,7.287171363830566
2025-11-16,Sausage Bap,14.0,6.036425590515137
2025-11-17,Sausage Bap,12.0,3.686387300491333
2025-11-18,Sausage Bap,12.0,3.047210454940796
2025-11-19,Sausage Bap,7.0,2.4486234188079834
2025-11-20,Sausage Bap,14.0,2.330672025680542
2025-11-21,Sausage Bap,14.0,2.6585822105407715
2025-11-22,Sausage Bap,12.0,3.813746929168701
2025-11-23,Sausage Bap,17.0,3.4717020988464355
2025-11-24,Sausage Bap,15.0,1.5144473314285278
2025-11-25,Sausage Bap,11.0,1.1051499843597412
2025-11-26,Sausage Bap,14.0,1.0386418104171753
2025-11-27,Sausage Bap,14.0,1.4391670227050781
2025-11-28,Sausage Bap,10.0,1.7576228380203247
2025-11-29,Sausage Bap,16.0,2.55464243888855
2025-11-01,Scrambled Egg,2.0,0.4272281229496002
2025-11-02,Scrambled Egg,3.0,0.691756546497345
2025-11-03,Scrambled Egg,3.0,0.17043913900852203
2025-11-04,Scrambled Egg,1.0,0.17043913900852203
2025-11-05,Scrambled Egg,2.0,0.17043913900852203
2025-11-06,Scrambled Egg,6.0,0.17043913900852203
2025-11-07,Scrambled Egg,1.0,0.17043913900852203
2025-11-08,Scrambled Egg,1.0,0.17043913900852203
2025-11-09,Scrambled Egg,3.0,0.17043913900852203
2025-11-10,Scrambled Egg,0.0,0.17043913900852203
2025-11-11,Scrambled Egg,3.0,0.17043913900852203
2025-11-12,Scrambled Egg,0.0,0.17043913900852203
2025-11-13,Scrambled Egg,0.0,0.17043913900852203
2025-11-14,Scrambled Egg,3.0,0.17043913900852203
2025-11-15,Scrambled Egg,0.0,0.17043913900852203
2025-11-16,Scrambled Egg,2.0,0.17043913900852203
2025-11-17,Scrambled Egg,0.0,0.17043913900852203
2025-11-18,Scrambled Egg,0.0,0.17043913900852203
2025-11-19,Scrambled Egg,0.0,0.17043913900852203
2025-11-20,Scrambled Egg,0.0,0.17043913900852203
2025-11-21,Scrambled Egg,1.0,0.17043913900852203
2025-11-22,Scrambled Egg,0.0,0.17043913900852203
2025-11-23,Scrambled Egg,2.0,0.17043913900852203
2025-11-24,Scrambled Egg,0.0,0.17043913900852203
2025-11-25,Scrambled Egg,7.0,0.17043913900852203
2025-11-26,Scrambled Egg,0.0,0.17043913900852203
2025-11-27,Scrambled Egg,1.0,0.17043913900852203
2025-11-28,Scrambled Egg,3.0,0.17043913900852203
2025-11-29,Scrambled Egg,1.0,0.17043913900852203
2025-11-01,Streaky Bacon,0.0,0.17043913900852203
2025-11-02,Streaky Bacon,0.0,0.17043913900852203
2025-11-03,Streaky Bacon,0.0,0.17043913900852203
2025-11-04,Streaky Bacon,0.0,0.17043913900852203
2025-11-05,Streaky Bacon,0.0,0.17043913900852203
2025-11-06,Streaky Bacon,1.0,0.17043913900852203
2025-11-07,Streaky Bacon,0.0,0.17043913900852203
2025-11-08,Streaky Bacon,0.0,0.17043913900852203
2025-11-09,Streaky Bacon,0.0,0.17043913900852203
2025-11-10,Streaky Bacon,0.0,0.17043913900852203
2025-11-11,Streaky Bacon,0.0,0.17043913900852203
2025-11-12,Streaky Bacon,0.0,0.17043913900852203
2025-11-13,Streaky Bacon,1.0,0.17043913900852203
2025-11-14,Streaky Bacon,0.0,0.17043913900852203
2025-11-15,Streaky Bacon,0.0,0.17043913900852203
2025-11-16,Streaky Bacon,0.0,0.17043913900852203
2025-11-17,Streaky Bacon,0.0,0.17043913900852203
2025-11-18,Streaky Bacon,0.0,0.17043913900852203
2025-11-19,Streaky Bacon,0.0,0.17043913900852203
2025-11-20,Streaky Bacon,1.0,0.17043913900852203
2025-11-21,Streaky Bacon,0.0,0.17043913900852203
2025-11-22,Streaky Bacon,0.0,0.17043913900852203
2025-11-23,Streaky Bacon,0.0,0.17043913900852203
2025-11-24,Streaky Bacon,0.0,0.17043913900852203
2025-11-25,Streaky Bacon,0.0,0.17043913900852203
2025-11-26,Streaky Bacon,0.0,0.17043913900852203
2025-11-27,Streaky Bacon,1.0,0.17043913900852203
2025-11-28,Streaky Bacon,0.0,0.17043913900852203
2025-11-29,Streaky Bacon,0.0,0.17043913900852203
2025-11-01,Tattie Scone,3.0,0.46214184165000916
2025-11-02,Tattie Scone,0.0,1.1558700799942017
2025-11-03,Tattie Scone,5.0,0.17043913900852203
2025-11-04,Tattie Scone,0.0,0.17043913900852203
2025-11-05,Tattie Scone,0.0,0.17043913900852203
2025-11-06,Tattie Scone,6.0,0.17043913900852203
2025-11-07,Tattie Scone,3.0,0.17043913900852203
2025-11-08,Tattie Scone,2.0,0.17043913900852203
2025-11-09,Tattie Scone,6.0,0.17707563936710358
2025-11-10,Tattie Scone,0.0,0.17043913900852203
2025-11-11,Tattie Scone,0.0,0.17043913900852203
2025-11-12,Tattie Scone,1.0,0.17043913900852203
2025-11-13,Tattie Scone,2.0,0.17043913900852203
2025-11-14,Tattie Scone,2.0,0.17043913900852203
2025-11-15,Tattie Scone,3.0,0.17043913900852203
2025-11-16,Tattie Scone,2.0,0.17043913900852203
2025-11-17,Tattie Scone,3.0,0.17043913900852203
2025-11-18,Tattie Scone,0.0,0.17043913900852203
2025-11-19,Tattie Scone,0.0,0.17043913900852203
2025-11-20,Tattie Scone,1.0,0.17043913900852203
2025-11-21,Tattie Scone,1.0,0.17043913900852203
2025-11-22,Tattie Scone,5.0,0.17043913900852203
2025-11-23,Tattie Scone,4.0,0.17043913900852203
2025-11-24,Tattie Scone,5.0,0.17043913900852203
2025-11-25,Tattie Scone,1.0,0.17043913900852203
2025-11-26,Tattie Scone,1.0,0.17043913900852203
2025-11-27,Tattie Scone,0.0,0.17043913900852203
2025-11-28,Tattie Scone,2.0,0.17043913900852203
2025-11-29,Tattie Scone,4.0,0.17043913900852203
2025-11-01,The Breakfast,64.0,37.334957122802734
2025-11-02,The Breakfast,44.0,40.92750549316406
2025-11-03,The Breakfast,30.0,20.491214752197266
2025-11-04,The Breakfast,26.0,19.963409423828125
2025-11-05,The Breakfast,11.0,20.128047943115234
2025-11-06,The Breakfast,22.0,22.273351669311523
2025-11-07,The Breakfast,46.0,28.416757583618164
2025-11-08,The Breakfast,45.0,36.684425354003906
2025-11-09,The Breakfast,44.0,37.228050231933594
2025-11-10,The Breakfast,26.0,19.783720016479492
2025-11-11,The Breakfast,26.0,19.076581954956055
2025-11-12,The Breakfast,38.0,19.317052841186523
2025-11-13,The Breakfast,27.0,21.188262939453125
2025-11-14,The Breakfast,32.0,28.166101455688477
2025-11-15,The Breakfast,53.0,36.63002014160156
2025-11-16,The Breakfast,46.0,35.56246566772461
2025-11-17,The Breakfast,27.0,16.347591400146484
2025-11-18,The Breakfast,21.0,15.65701961517334
2025-11-19,The Breakfast,27.0,14.788342475891113
2025-11-20,The Breakfast,14.0,15.108161926269531
2025-11-21,The Breakfast,43.0,22.126949310302734
2025-11-22,The Breakfast,52.0,34.848018646240234
2025-11-23,The Breakfast,42.0,26.399539947509766
2025-11-24,The Breakfast,28.0,16.04364776611328
2025-11-25,The Breakfast,23.0,16.11048698425293
2025-11-26,The Breakfast,35.0,14.8049955368042
2025-11-27,The Breakfast,19.0,17.69524574279785
2025-11-28,The Breakfast,49.0,24.320194244384766
2025-11-29,The Breakfast,37.0,32.960723876953125
2025-11-01,Toasted Teacake,8.0,11.096717834472656
2025-11-02,Toasted Teacake,10.0,10.819684028625488
2025-11-03,Toasted Teacake,15.000000953674316,7.8003106117248535
2025-11-04,Toasted Teacake,12.0,8.397624015808105
2025-11-05,Toasted Teacake,8.0,7.323910713195801
2025-11-06,Toasted Teacake,11.0,8.362329483032227
2025-11-07,Toasted Teacake,10.0,8.961963653564453
2025-11-08,Toasted Teacake,9.0,8.501250267028809
2025-11-09,Toasted Teacake,3.0,7.691959857940674
2025-11-10,Toasted Teacake,8.0,6.616589069366455
2025-11-11,Toasted Teacake,13.0,6.152309417724609
2025-11-12,Toasted Teacake,6.0,6.123939514160156
2025-11-13,Toasted Teacake,12.0,6.09777307510376
2025-11-14,Toasted Teacake,11.0,6.809689521789551
2025-11-15,Toasted Teacake,7.0,7.453442096710205
2025-11-16,Toasted Teacake,8.0,6.597023010253906
2025-11-17,Toasted Teacake,8.0,4.841804027557373
2025-11-18,Toasted Teacake,13.0,4.010364055633545
2025-11-19,Toasted Teacake,6.0,3.275949239730835
2025-11-20,Toasted Teacake,7.0,2.8766911029815674
2025-11-21,Toasted Teacake,9.0,3.0980846881866455
2025-11-22,Toasted Teacake,6.0,4.237262725830078
2025-11-23,Toasted Teacake,5.0,3.990790843963623
2025-11-24,Toasted Teacake,6.0,2.1041200160980225
2025-11-25,Toasted Teacake,10.0,1.7721089124679565
2025-11-26,Toasted Teacake,4.0,1.7272084951400757
2025-11-27,Toasted Teacake,8.0,2.0362985134124756
2025-11-28,Toasted Teacake,11.0,2.3328428268432617
2025-11-29,Toasted Teacake,8.0,2.9945578575134277
2025-11-01,Tuna JP,4.0,2.303980827331543
2025-11-02,Tuna JP,7.0,2.2062084674835205
2025-11-03,Tuna JP,2.0,1.0545111894607544
2025-11-04,Tuna JP,3.0,0.9253695607185364
2025-11-05,Tuna JP,0.0,0.6724920868873596
2025-11-06,Tuna JP,1.0,0.8949215412139893
2025-11-07,Tuna JP,0.0,1.0072541236877441
2025-11-08,Tuna JP,2.0,1.3209083080291748
2025-11-09,Tuna JP,4.0,1.7033416032791138
2025-11-10,Tuna JP,3.0,0.34032493829727173
2025-11-11,Tuna JP,3.0,0.17043913900852203
2025-11-12,Tuna JP,4.0,0.17043913900852203
2025-11-13,Tuna JP,1.0,0.17043913900852203
2025-11-14,Tuna JP,1.0,0.17043913900852203
2025-11-15,Tuna JP,7.0,0.4151128828525543
2025-11-16,Tuna JP,3.0,0.17043913900852203
2025-11-17,Tuna JP,3.0,0.17043913900852203
2025-11-18,Tuna JP,4.0,0.17043913900852203
2025-11-19,Tuna JP,2.0,0.17043913900852203
2025-11-20,Tuna JP,6.0,0.17043913900852203
2025-11-21,Tuna JP,3.0,0.17043913900852203
2025-11-22,Tuna JP,2.0,0.17043913900852203
2025-11-23,Tuna JP,1.0,0.17043913900852203
2025-11-24,Tuna JP,2.0,0.17043913900852203
2025-11-25,Tuna JP,2.0,0.17043913900852203
2025-11-26,Tuna JP,1.0,0.17043913900852203
2025-11-27,Tuna JP,6.0,0.17043913900852203
2025-11-28,Tuna JP,2.0,0.17043913900852203
2025-11-29,Tuna JP,1.0,0.17043913900852203
2025-11-01,Tuna Mayo Mix,0.0,0.17043913900852203
2025-11-02,Tuna Mayo Mix,0.0,0.17043913900852203
2025-11-03,Tuna Mayo Mix,0.0,0.17043913900852203
2025-11-04,Tuna Mayo Mix,0.0,0.17043913900852203
2025-11-05,Tuna Mayo Mix,0.0,0.17043913900852203
2025-11-06,Tuna Mayo Mix,0.0,0.17043913900852203
2025-11-07,Tuna Mayo Mix,0.0,0.17043913900852203
2025-11-08,Tuna Mayo Mix,0.0,0.17043913900852203
2025-11-09,Tuna Mayo Mix,0.0,0.17043913900852203
2025-11-10,Tuna Mayo Mix,0.0,0.17043913900852203
2025-11-11,Tuna Mayo Mix,0.0,0.17043913900852203
2025-11-12,Tuna Mayo Mix,0.0,0.17043913900852203
2025-11-13,Tuna Mayo Mix,0.0,0.17043913900852203
2025-11-14,Tuna Mayo Mix,0.0,0.17043913900852203
2025-11-15,Tuna Mayo Mix,0.0,0.17043913900852203
2025-11-16,Tuna Mayo Mix,0.0,0.17043913900852203
2025-11-17,Tuna Mayo Mix,0.0,0.17043913900852203
2025-11-18,Tuna Mayo Mix,0.0,0.17043913900852203
2025-11-19,Tuna Mayo Mix,0.0,0.17043913900852203
2025-11-20,Tuna Mayo Mix,0.0,0.17043913900852203
2025-11-21,Tuna Mayo Mix,0.0,0.17043913900852203
2025-11-22,Tuna Mayo Mix,0.0,0.17043913900852203
2025-11-23,Tuna Mayo Mix,0.0,0.17043913900852203
2025-11-24,Tuna Mayo Mix,0.0,0.17043913900852203
2025-11-25,Tuna Mayo Mix,0.0,0.17043913900852203
2025-11-26,Tuna Mayo Mix,0.0,0.17043913900852203
2025-11-27,Tuna Mayo Mix,0.0,0.17043913900852203
2025-11-28,Tuna Mayo Mix,0.0,0.17043913900852203
2025-11-29,Tuna Mayo Mix,0.0,0.17043913900852203
2025-11-01,Tuna Melt Panini,0.0,0.17043913900852203
2025-11-02,Tuna Melt Panini,0.0,0.17043913900852203
2025-11-03,Tuna Melt Panini,0.0,0.17043913900852203
2025-11-04,Tuna Melt Panini,0.0,0.17043913900852203
2025-11-05,Tuna Melt Panini,0.0,0.17043913900852203
2025-11-06,Tuna Melt Panini,0.0,0.17043913900852203
2025-11-07,Tuna Melt Panini,0.0,0.17043913900852203
2025-11-08,Tuna Melt Panini,0.0,0.17043913900852203
2025-11-09,Tuna Melt Panini,0.0,0.17043913900852203
2025-11-10,Tuna Melt Panini,0.0,0.17043913900852203
2025-11-11,Tuna Melt Panini,0.0,0.17043913900852203
2025-11-12,Tuna Melt Panini,0.0,0.17043913900852203
2025-11-13,Tuna Melt Panini,0.0,0.17043913900852203
2025-11-14,Tuna Melt Panini,0.0,0.17043913900852203
2025-11-15,Tuna Melt Panini,0.0,0.17043913900852203
2025-11-16,Tuna Melt Panini,0.0,0.17043913900852203
2025-11-17,Tuna Melt Panini,0.0,0.17043913900852203
2025-11-18,Tuna Melt Panini,0.0,0.17043913900852203
2025-11-19,Tuna Melt Panini,0.0,0.17043913900852203
2025-11-20,Tuna Melt Panini,0.0,0.17043913900852203
2025-11-21,Tuna Melt Panini,0.0,0.17043913900852203
2025-11-22,Tuna Melt Panini,0.0,0.17043913900852203
2025-11-23,Tuna Melt Panini,0.0,0.17043913900852203
2025-11-24,Tuna Melt Panini,0.0,0.17043913900852203
2025-11-25,Tuna Melt Panini,0.0,0.17043913900852203
2025-11-26,Tuna Melt Panini,0.0,0.17043913900852203
2025-11-27,Tuna Melt Panini,0.0,0.17043913900852203
2025-11-28,Tuna Melt Panini,0.0,0.17043913900852203
2025-11-29,Tuna Melt Panini,0.0,0.17043913900852203
2025-11-01,Tuna Panini,0.0,0.17043913900852203
2025-11-02,Tuna Panini,0.0,0.17043913900852203
2025-11-03,Tuna Panini,0.0,0.17043913900852203
2025-11-04,Tuna Panini,0.0,0.17043913900852203
2025-11-05,Tuna Panini,0.0,0.17043913900852203
2025-11-06,Tuna Panini,0.0,0.17043913900852203
2025-11-07,Tuna Panini,0.0,0.17043913900852203
2025-11-08,Tuna Panini,0.0,0.17043913900852203
2025-11-09,Tuna Panini,0.0,0.17043913900852203
2025-11-10,Tuna Panini,0.0,0.17043913900852203
2025-11-11,Tuna Panini,0.0,0.17043913900852203
2025-11-12,Tuna Panini,0.0,0.17043913900852203
2025-11-13,Tuna Panini,0.0,0.17043913900852203
2025-11-14,Tuna Panini,0.0,0.17043913900852203
2025-11-15,Tuna Panini,0.0,0.17043913900852203
2025-11-16,Tuna Panini,0.0,0.17043913900852203
2025-11-17,Tuna Panini,0.0,0.17043913900852203
2025-11-18,Tuna Panini,0.0,0.17043913900852203
2025-11-19,Tuna Panini,0.0,0.17043913900852203
2025-11-20,Tuna Panini,0.0,0.17043913900852203
2025-11-21,Tuna Panini,0.0,0.17043913900852203
2025-11-22,Tuna Panini,0.0,0.17043913900852203
2025-11-23,Tuna Panini,0.0,0.17043913900852203
2025-11-24,Tuna Panini,0.0,0.17043913900852203
2025-11-25,Tuna Panini,0.0,0.17043913900852203
2025-11-26,Tuna Panini,0.0,0.17043913900852203
2025-11-27,Tuna Panini,0.0,0.17043913900852203
2025-11-28,Tuna Panini,0.0,0.17043913900852203
2025-11-29,Tuna Panini,0.0,0.17043913900852203
2025-11-01,Tuna Toastie,1.0,3.199402332305908
2025-11-02,Tuna Toastie,2.0,2.388745069503784
2025-11-03,Tuna Toastie,3.0,1.193074107170105
2025-11-04,Tuna Toastie,3.0,1.290374755859375
2025-11-05,Tuna Toastie,3.0,1.2019332647323608
2025-11-06,Tuna Toastie,1.0,1.7902696132659912
2025-11-07,Tuna Toastie,3.0,1.8342257738113403
2025-11-08,Tuna Toastie,1.0,1.8658519983291626
2025-11-09,Tuna Toastie,2.0,1.9594452381134033
2025-11-10,Tuna Toastie,2.0,0.6600737571716309
2025-11-11,Tuna Toastie,8.0,0.3778872489929199
2025-11-12,Tuna Toastie,4.0,0.25309282541275024
2025-11-13,Tuna Toastie,2.0,0.6026096343994141
2025-11-14,Tuna Toastie,4.0,0.7576711773872375
2025-11-15,Tuna Toastie,0.0,1.3404322862625122
2025-11-16,Tuna Toastie,2.0,0.6557027101516724
2025-11-17,Tuna Toastie,3.0,0.17043913900852203
2025-11-18,Tuna Toastie,1.0,0.17043913900852203
2025-11-19,Tuna Toastie,0.0,0.17043913900852203
2025-11-20,Tuna Toastie,3.0,0.17043913900852203
2025-11-21,Tuna Toastie,2.0,0.17043913900852203
2025-11-22,Tuna Toastie,2.0,0.17043913900852203
2025-11-23,Tuna Toastie,3.0,0.17043913900852203
2025-11-24,Tuna Toastie,7.0,0.17043913900852203
2025-11-25,Tuna Toastie,2.0,0.17043913900852203
2025-11-26,Tuna Toastie,1.0,0.17043913900852203
2025-11-27,Tuna Toastie,1.0,0.17043913900852203
2025-11-28,Tuna Toastie,2.0,0.17043913900852203
2025-11-29,Tuna Toastie,4.0,0.17043913900852203
2025-11-01,Veg Sausage Bap,0.0,0.17043913900852203
2025-11-02,Veg Sausage Bap,0.0,0.17043913900852203
2025-11-03,Veg Sausage Bap,0.0,0.17043913900852203
2025-11-04,Veg Sausage Bap,0.0,0.17043913900852203
2025-11-05,Veg Sausage Bap,0.0,0.17043913900852203
2025-11-06,Veg Sausage Bap,0.0,0.17043913900852203
2025-11-07,Veg Sausage Bap,0.0,0.17043913900852203
2025-11-08,Veg Sausage Bap,0.0,0.17043913900852203
2025-11-09,Veg Sausage Bap,0.0,0.17043913900852203
2025-11-10,Veg Sausage Bap,0.0,0.17043913900852203
2025-11-11,Veg Sausage Bap,0.0,0.17043913900852203
2025-11-12,Veg Sausage Bap,0.0,0.17043913900852203
2025-11-13,Veg Sausage Bap,0.0,0.17043913900852203
2025-11-14,Veg Sausage Bap,0.0,0.17043913900852203
2025-11-15,Veg Sausage Bap,0.0,0.17043913900852203
2025-11-16,Veg Sausage Bap,0.0,0.17043913900852203
2025-11-17,Veg Sausage Bap,0.0,0.17043913900852203
2025-11-18,Veg Sausage Bap,0.0,0.17043913900852203
2025-11-19,Veg Sausage Bap,0.0,0.17043913900852203
2025-11-20,Veg Sausage Bap,0.0,0.17043913900852203
2025-11-21,Veg Sausage Bap,0.0,0.17043913900852203
2025-11-22,Veg Sausage Bap,0.0,0.17043913900852203
2025-11-23,Veg Sausage Bap,0.0,0.17043913900852203
2025-11-24,Veg Sausage Bap,0.0,0.17043913900852203
2025-11-25,Veg Sausage Bap,0.0,0.17043913900852203
2025-11-26,Veg Sausage Bap,0.0,0.17043913900852203
2025-11-27,Veg Sausage Bap,0.0,0.17043913900852203
2025-11-28,Veg Sausage Bap,0.0,0.17043913900852203
2025-11-29,Veg Sausage Bap,0.0,0.17043913900852203
2025-11-01,Vegan Breakfast,1.0,0.17043913900852203
2025-11-02,Vegan Breakfast,1.0,0.2741870582103729
2025-11-03,Vegan Breakfast,0.0,0.17043913900852203
2025-11-04,Vegan Breakfast,0.0,0.17043913900852203
2025-11-05,Vegan Breakfast,1.0,0.17043913900852203
2025-11-06,Vegan Breakfast,1.0,0.17043913900852203
2025-11-07,Vegan Breakfast,0.0,0.17043913900852203
2025-11-08,Vegan Breakfast,2.0,0.17043913900852203
2025-11-09,Vegan Breakfast,1.0,0.17043913900852203
2025-11-10,Vegan Breakfast,0.0,0.17043913900852203
2025-11-11,Vegan Breakfast,0.0,0.17043913900852203
2025-11-12,Vegan Breakfast,1.0,0.17043913900852203
2025-11-13,Vegan Breakfast,1.0,0.17043913900852203
2025-11-14,Vegan Breakfast,0.0,0.17043913900852203
2025-11-15,Vegan Breakfast,1.0,0.17043913900852203
2025-11-16,Vegan Breakfast,2.0,0.17043913900852203
2025-11-17,Vegan Breakfast,0.0,0.17043913900852203
2025-11-18,Vegan Breakfast,0.0,0.17043913900852203
2025-11-19,Vegan Breakfast,0.0,0.17043913900852203
2025-11-20,Vegan Breakfast,1.0,0.17043913900852203
2025-11-21,Vegan Breakfast,1.0,0.17043913900852203
2025-11-22,Vegan Breakfast,1.0,0.17043913900852203
2025-11-23,Vegan Breakfast,0.0,0.17043913900852203
2025-11-24,Vegan Breakfast,0.0,0.17043913900852203
2025-11-25,Vegan Breakfast,0.0,0.17043913900852203
2025-11-26,Vegan Breakfast,0.0,0.17043913900852203
2025-11-27,Vegan Breakfast,0.0,0.17043913900852203
2025-11-28,Vegan Breakfast,0.0,0.17043913900852203
2025-11-29,Vegan Breakfast,2.0,0.17043913900852203
2025-11-01,Vegan Sausage,0.0,0.17043913900852203
2025-11-02,Vegan Sausage,0.0,0.17043913900852203
2025-11-03,Vegan Sausage,0.0,0.17043913900852203
2025-11-04,Vegan Sausage,0.0,0.17043913900852203
2025-11-05,Vegan Sausage,0.0,0.17043913900852203
2025-11-06,Vegan Sausage,0.0,0.17043913900852203
2025-11-07,Vegan Sausage,0.0,0.17043913900852203
2025-11-08,Vegan Sausage,0.0,0.17043913900852203
2025-11-09,Vegan Sausage,0.0,0.17043913900852203
2025-11-10,Vegan Sausage,0.0,0.17043913900852203
2025-11-11,Vegan Sausage,0.0,0.17043913900852203
2025-11-12,Vegan Sausage,0.0,0.17043913900852203
2025-11-13,Vegan Sausage,0.0,0.17043913900852203
2025-11-14,Vegan Sausage,0.0,0.17043913900852203
2025-11-15,Vegan Sausage,0.0,0.17043913900852203
2025-11-16,Vegan Sausage,0.0,0.17043913900852203
2025-11-17,Vegan Sausage,0.0,0.17043913900852203
2025-11-18,Vegan Sausage,0.0,0.17043913900852203
2025-11-19,Vegan Sausage,0.0,0.17043913900852203
2025-11-20,Vegan Sausage,0.0,0.17043913900852203
2025-11-21,Vegan Sausage,0.0,0.17043913900852203
2025-11-22,Vegan Sausage,0.0,0.17043913900852203
2025-11-23,Vegan Sausage,0.0,0.17043913900852203
2025-11-24,Vegan Sausage,0.0,0.17043913900852203
2025-11-25,Vegan Sausage,0.0,0.17043913900852203
2025-11-26,Vegan Sausage,0.0,0.17043913900852203
2025-11-27,Vegan Sausage,0.0,0.17043913900852203
2025-11-28,Vegan Sausage,0.0,0.17043913900852203
2025-11-29,Vegan Sausage,0.0,0.17043913900852203
2025-11-01,Veggie Bap,2.0,0.17043913900852203
2025-11-02,Veggie Bap,1.0,0.17043913900852203
2025-11-03,Veggie Bap,2.0,0.17043913900852203
2025-11-04,Veggie Bap,0.0,0.17043913900852203
2025-11-05,Veggie Bap,0.0,0.17043913900852203
2025-11-06,Veggie Bap,0.0,0.17043913900852203
2025-11-07,Veggie Bap,0.0,0.17043913900852203
2025-11-08,Veggie Bap,0.0,0.17043913900852203
2025-11-09,Veggie Bap,0.0,0.17043913900852203
2025-11-10,Veggie Bap,0.0,0.17043913900852203
2025-11-11,Veggie Bap,0.0,0.17043913900852203
2025-11-12,Veggie Bap,1.0,0.17043913900852203
2025-11-13,Veggie Bap,0.0,0.17043913900852203
2025-11-14,Veggie Bap,1.0,0.17043913900852203
2025-11-15,Veggie Bap,1.0,0.17043913900852203
2025-11-16,Veggie Bap,1.0,0.17043913900852203
2025-11-17,Veggie Bap,2.0,0.17043913900852203
2025-11-18,Veggie Bap,0.0,0.17043913900852203
2025-11-19,Veggie Bap,0.0,0.17043913900852203
2025-11-20,Veggie Bap,0.0,0.17043913900852203
2025-11-21,Veggie Bap,0.0,0.17043913900852203
2025-11-22,Veggie Bap,0.0,0.17043913900852203
2025-11-23,Veggie Bap,0.0,0.17043913900852203
2025-11-24,Veggie Bap,2.0,0.17043913900852203
2025-11-25,Veggie Bap,0.0,0.17043913900852203
2025-11-26,Veggie Bap,1.0,0.17043913900852203
2025-11-27,Veggie Bap,2.0,0.17043913900852203
2025-11-28,Veggie Bap,1.0,0.17043913900852203
2025-11-29,Veggie Bap,0.0,0.17043913900852203
2025-11-01,Veggie Breakfast,7.0,0.36243927478790283
2025-11-02,Veggie Breakfast,3.0,0.9469970464706421
2025-11-03,Veggie Breakfast,0.0,0.17043913900852203
2025-11-04,Veggie Breakfast,1.0,0.17043913900852203
2025-11-05,Veggie Breakfast,0.0,0.17043913900852203
2025-11-06,Veggie Breakfast,2.0,0.17043913900852203
2025-11-07,Veggie Breakfast,5.0,0.17043913900852203
2025-11-08,Veggie Breakfast,2.0,0.17043913900852203
2025-11-09,Veggie Breakfast,2.0,0.17043913900852203
2025-11-10,Veggie Breakfast,1.0,0.17043913900852203
2025-11-11,Veggie Breakfast,0.0,0.17043913900852203
2025-11-12,Veggie Breakfast,1.0,0.17043913900852203
2025-11-13,Veggie Breakfast,5.0,0.17043913900852203
2025-11-14,Veggie Breakfast,1.0,0.17043913900852203
2025-11-15,Veggie Breakfast,6.0,0.17043913900852203
2025-11-16,Veggie Breakfast,2.0,0.17043913900852203
2025-11-17,Veggie Breakfast,0.0,0.17043913900852203
2025-11-18,Veggie Breakfast,1.0,0.17043913900852203
2025-11-19,Veggie Breakfast,3.0,0.17043913900852203
2025-11-20,Veggie Breakfast,0.0,0.17043913900852203
2025-11-21,Veggie Breakfast,2.0,0.17043913900852203
2025-11-22,Veggie Breakfast,4.0,0.17043913900852203
2025-11-23,Veggie Breakfast,4.0,0.17043913900852203
2025-11-24,Veggie Breakfast,4.0,0.17043913900852203
2025-11-25,Veggie Breakfast,0.0,0.17043913900852203
2025-11-26,Veggie Breakfast,2.0,0.17043913900852203
2025-11-27,Veggie Breakfast,4.0,0.17043913900852203
2025-11-28,Veggie Breakfast,1.0,0.17043913900852203
2025-11-29,Veggie Breakfast,3.0,0.17043913900852203
2025-11-01,Bakery,68.0,67.08000183105469
2025-11-02,Bakery,50.0,54.08934020996094
2025-11-03,Bakery,56.0,53.23466873168945
2025-11-04,Bakery,60.0,56.82021713256836
2025-11-05,Bakery,57.0,58.134117126464844
2025-11-06,Bakery,70.0,66.65252685546875
2025-11-07,Bakery,74.0,64.75249481201172
2025-11-08,Bakery,57.0,68.13045501708984
2025-11-09,Bakery,66.0,56.350528717041016
2025-11-10,Bakery,41.0,55.57959747314453
2025-11-11,Bakery,52.0,56.36093521118164
2025-11-12,Bakery,65.0,60.40667724609375
2025-11-13,Bakery,52.0,63.69009780883789
2025-11-14,Bakery,62.0,66.81312561035156
2025-11-15,Bakery,60.0,70.8438949584961
2025-11-16,Bakery,57.0,54.089866638183594
2025-11-17,Bakery,71.0,52.04337692260742
2025-11-18,Bakery,51.0,53.891998291015625
2025-11-19,Bakery,48.0,53.907711029052734
2025-11-20,Bakery,60.0,55.26020050048828
2025-11-21,Bakery,61.0,69.114501953125
2025-11-22,Bakery,61.0,70.54901123046875
2025-11-23,Bakery,83.0,53.16461181640625
2025-11-24,Bakery,61.0,56.1566162109375
2025-11-25,Bakery,74.0,57.18265151977539
2025-11-26,Bakery,76.0,56.62516784667969
2025-11-27,Bakery,78.0,62.43263244628906
2025-11-28,Bakery,84.0,61.43645477294922
2025-11-29,Bakery,60.0,72.84025573730469
2025-11-01,White Toast Bread,47.0,36.54054260253906
2025-11-02,White Toast Bread,46.0,39.963932037353516
2025-11-03,White Toast Bread,28.0,21.244230270385742
2025-11-04,White Toast Bread,20.0,19.992639541625977
2025-11-05,White Toast Bread,16.0,19.582345962524414
2025-11-06,White Toast Bread,29.0,21.137453079223633
2025-11-07,White Toast Bread,31.0,26.548913955688477
2025-11-08,White Toast Bread,31.0,36.26768112182617
2025-11-09,White Toast Bread,50.0,35.2775993347168
2025-11-10,White Toast Bread,28.0,18.84633445739746
2025-11-11,White Toast Bread,28.0,17.492563247680664
2025-11-12,White Toast Bread,26.0,17.62378692626953
2025-11-13,White Toast Bread,19.0,19.386995315551758
2025-11-14,White Toast Bread,30.0,26.05147933959961
2025-11-15,White Toast Bread,41.0,35.02389907836914
2025-11-16,White Toast Bread,36.0,33.76268768310547
2025-11-17,White Toast Bread,22.0,15.27785587310791
2025-11-18,White Toast Bread,26.0,14.589069366455078
2025-11-19,White Toast Bread,30.0,13.484770774841309
2025-11-20,White Toast Bread,27.0,13.524322509765625
2025-11-21,White Toast Bread,35.0,19.85232925415039
2025-11-22,White Toast Bread,39.0,33.01536560058594
2025-11-23,White Toast Bread,63.0,24.703004837036133
2025-11-24,White Toast Bread,32.0,14.39404010772705
2025-11-25,White Toast Bread,22.0,14.845569610595703
2025-11-26,White Toast Bread,29.0,13.349590301513672
2025-11-27,White Toast Bread,25.0,15.649765014648438
2025-11-28,White Toast Bread,31.0,21.989181518554688
2025-11-29,White Toast Bread,38.0,30.43453025817871
2025-11-01,Brown Toast Bread,4.0,9.75128173828125
2025-11-02,Brown Toast Bread,8.0,8.651814460754395
2025-11-03,Brown Toast Bread,7.0,5.449063777923584
2025-11-04,Brown Toast Bread,8.0,5.377427577972412
2025-11-05,Brown Toast Bread,6.0,5.264742851257324
2025-11-06,Brown Toast Bread,9.0,5.847630023956299
2025-11-07,Brown Toast Bread,7.0,6.838568210601807
2025-11-08,Brown Toast Bread,6.0,7.378832817077637
2025-11-09,Brown Toast Bread,12.0,6.461039066314697
2025-11-10,Brown Toast Bread,9.0,4.27943754196167
2025-11-11,Brown Toast Bread,9.0,4.042742729187012
2025-11-12,Brown Toast Bread,6.0,3.958223819732666
2025-11-13,Brown Toast Bread,10.0,4.327486515045166
2025-11-14,Brown Toast Bread,13.0,4.805469512939453
2025-11-15,Brown Toast Bread,6.0,6.252921104431152
2025-11-16,Brown Toast Bread,8.0,5.010682582855225
2025-11-17,Brown Toast Bread,11.0,2.9041521549224854
2025-11-18,Brown Toast Bread,5.0,2.5886099338531494
2025-11-19,Brown Toast Bread,6.0,2.081921339035034
2025-11-20,Brown Toast Bread,6.0,2.1126058101654053
2025-11-21,Brown Toast Bread,8.0,2.3914577960968018
2025-11-22,Brown Toast Bread,12.0,3.154247999191284
2025-11-23,Brown Toast Bread,15.0,2.7822482585906982
2025-11-24,Brown Toast Bread,8.0,1.1569416522979736
2025-11-25,Brown Toast Bread,6.0,0.6131021976470947
2025-11-26,Brown Toast Bread,9.0,0.24655817449092865
2025-11-27,Brown Toast Bread,11.0,0.43967896699905396
2025-11-28,Brown Toast Bread,9.0,1.2406872510910034
2025-11-29,Brown Toast Bread,8.0,2.25465989112854
2025-11-01,Porridge,0.0,0.17043913900852203
2025-11-02,Porridge,1.0,0.17043913900852203
2025-11-03,Porridge,0.0,0.17043913900852203
2025-11-04,Porridge,0.0,0.17043913900852203
2025-11-05,Porridge,0.0,0.17043913900852203
2025-11-06,Porridge,1.0,0.17043913900852203
2025-11-07,Porridge,0.0,0.17043913900852203
2025-11-08,Porridge,0.0,0.17043913900852203
2025-11-09,Porridge,1.0,0.17043913900852203
2025-11-10,Porridge,0.0,0.17043913900852203
2025-11-11,Porridge,0.0,0.17043913900852203
2025-11-12,Porridge,0.0,0.17043913900852203
2025-11-13,Porridge,0.0,0.17043913900852203
2025-11-14,Porridge,1.0,0.17043913900852203
2025-11-15,Porridge,1.0,0.17043913900852203
2025-11-16,Porridge,1.0,0.17043913900852203
2025-11-17,Porridge,0.0,0.17043913900852203
2025-11-18,Porridge,0.0,0.17043913900852203
2025-11-19,Porridge,0.0,0.17043913900852203
2025-11-20,Porridge,0.0,0.17043913900852203
2025-11-21,Porridge,1.0,0.17043913900852203
2025-11-22,Porridge,1.0,0.17043913900852203
2025-11-23,Porridge,1.0,0.17043913900852203
2025-11-24,Porridge,0.0,0.17043913900852203
2025-11-25,Porridge,0.0,0.17043913900852203
2025-11-26,Porridge,1.0,0.17043913900852203
2025-11-27,Porridge,1.0,0.17043913900852203
2025-11-28,Porridge,0.0,0.17043913900852203
2025-11-29,Porridge,0.0,0.17043913900852203
2025-11-01,Sourdough Toast Bread,1.0,0.8256617784500122
2025-11-02,Sourdough Toast Bread,5.0,1.0538909435272217
2025-11-03,Sourdough Toast Bread,1.0,0.17043913900852203
2025-11-04,Sourdough Toast Bread,1.0,0.17043913900852203
2025-11-05,Sourdough Toast Bread,0.0,0.17043913900852203
2025-11-06,Sourdough Toast Bread,0.0,0.17043913900852203
2025-11-07,Sourdough Toast Bread,1.0,0.17043913900852203
2025-11-08,Sourdough Toast Bread,2.0,0.17043913900852203
2025-11-09,Sourdough Toast Bread,1.0,0.17043913900852203
2025-11-10,Sourdough Toast Bread,2.0,0.17043913900852203
2025-11-11,Sourdough Toast Bread,1.0,0.17043913900852203
2025-11-12,Sourdough Toast Bread,0.0,0.17043913900852203
2025-11-13,Sourdough Toast Bread,1.0,0.17043913900852203
2025-11-14,Sourdough Toast Bread,0.0,0.17043913900852203
2025-11-15,Sourdough Toast Bread,1.0,0.17043913900852203
2025-11-16,Sourdough Toast Bread,2.0,0.17043913900852203
2025-11-17,Sourdough Toast Bread,0.0,0.17043913900852203
2025-11-18,Sourdough Toast Bread,2.0,0.17043913900852203
2025-11-19,Sourdough Toast Bread,0.0,0.17043913900852203
2025-11-20,Sourdough Toast Bread,0.0,0.17043913900852203
2025-11-21,Sourdough Toast Bread,0.0,0.17043913900852203
2025-11-22,Sourdough Toast Bread,4.0,0.17043913900852203
2025-11-23,Sourdough Toast Bread,1.0,0.17043913900852203
2025-11-24,Sourdough Toast Bread,0.0,0.17043913900852203
2025-11-25,Sourdough Toast Bread,0.0,0.17043913900852203
2025-11-26,Sourdough Toast Bread,0.0,0.17043913900852203
2025-11-27,Sourdough Toast Bread,1.0,0.17043913900852203
2025-11-28,Sourdough Toast Bread,0.0,0.17043913900852203
2025-11-29,Sourdough Toast Bread,2.0,0.17043913900852203
2025-11-01,Multiseed Toast Bread,0.0,2.865042209625244
2025-11-02,Multiseed Toast Bread,5.0,2.8586177825927734
2025-11-03,Multiseed Toast Bread,11.0,2.1518893241882324
2025-11-04,Multiseed Toast Bread,1.0,2.0148351192474365
2025-11-05,Multiseed Toast Bread,2.0,1.928334355354309
2025-11-06,Multiseed Toast Bread,5.0,2.1814467906951904
2025-11-07,Multiseed Toast Bread,0.0,2.0674450397491455
2025-11-08,Multiseed Toast Bread,2.0,2.2218329906463623
2025-11-09,Multiseed Toast Bread,6.0,2.387700080871582
2025-11-10,Multiseed Toast Bread,3.0,1.271461009979248
2025-11-11,Multiseed Toast Bread,1.0,1.0352919101715088
2025-11-12,Multiseed Toast Bread,4.0,0.7112218141555786
2025-11-13,Multiseed Toast Bread,4.0,0.9581215977668762
2025-11-14,Multiseed Toast Bread,1.0,1.1121039390563965
2025-11-15,Multiseed Toast Bread,4.0,1.7189538478851318
2025-11-16,Multiseed Toast Bread,4.0,1.31111741065979
2025-11-17,Multiseed Toast Bread,0.0,0.17043913900852203
2025-11-18,Multiseed Toast Bread,1.0,0.17043913900852203
2025-11-19,Multiseed Toast Bread,4.0,0.17043913900852203
2025-11-20,Multiseed Toast Bread,2.0,0.17043913900852203
2025-11-21,Multiseed Toast Bread,4.0,0.17043913900852203
2025-11-22,Multiseed Toast Bread,5.0,0.17043913900852203
2025-11-23,Multiseed Toast Bread,1.0,0.17043913900852203
2025-11-24,Multiseed Toast Bread,3.0,0.17043913900852203
2025-11-25,Multiseed Toast Bread,2.0,0.17043913900852203
2025-11-26,Multiseed Toast Bread,1.0,0.17043913900852203
2025-11-27,Multiseed Toast Bread,4.0,0.17043913900852203
2025-11-28,Multiseed Toast Bread,1.0,0.17043913900852203
2025-11-29,Multiseed Toast Bread,1.0,0.17043913900852203
