Product_Name,Date_Only,Sales,Prophet_Prediction,Cluster
Avo & Hal Muffin,2025-11-01,0,0.0,0
Avo & Hal Muffin,2025-11-02,0,0.0,0
Avo & Hal Muffin,2025-11-03,0,2.2153736221563225e-05,0
Avo & Hal Muffin,2025-11-04,0,0.0,0
Avo & Hal Muffin,2025-11-05,0,0.0,0
Avo & Hal Muffin,2025-11-06,0,0.0,0
Avo & Hal Muffin,2025-11-07,0,0.0,0
Avo & Hal Muffin,2025-11-08,0,0.0,0
Avo & Hal Muffin,2025-11-09,0,0.0,0
Avo & Hal Muffin,2025-11-10,0,0.0,0
Avo & Hal Muffin,2025-11-11,0,0.000159184593006169,0
Avo & Hal Muffin,2025-11-12,0,0.0,0
Avo & Hal Muffin,2025-11-13,0,0.0,0
Avo & Hal Muffin,2025-11-14,0,0.0,0
Avo & Hal Muffin,2025-11-15,0,0.0,0
Avo & Hal Muffin,2025-11-16,0,0.0,0
Avo & Hal Muffin,2025-11-17,0,0.0,0
Avo & Hal Muffin,2025-11-18,0,0.0,0
Avo & Hal Muffin,2025-11-19,0,0.00039295901753312644,0
Avo & Hal Muffin,2025-11-20,0,0.001030805114716478,0
Avo & Hal Muffin,2025-11-21,0,0.0,0
Avo & Hal Muffin,2025-11-22,0,0.0,0
Avo & Hal Muffin,2025-11-23,0,0.0,0
Avo & Hal Muffin,2025-11-24,0,0.0,0
Avo & Hal Muffin,2025-11-25,0,6.580022090833951e-05,0
Avo & Hal Muffin,2025-11-26,0,0.0,0
Avo & Hal Muffin,2025-11-27,0,0.0,0
Avo & Hal Muffin,2025-11-28,0,1.0915911213665572e-05,0
Avo & Hal Muffin,2025-11-29,0,0.0,0
Avo & Hal Muffin,2025-11-30,0,0.0,0
"Avo, Egg & Bacon",2025-11-01,8,4.923268846140249,0
"Avo, Egg & Bacon",2025-11-02,6,3.248401517216733,0
"Avo, Egg & Bacon",2025-11-03,3,2.8251133161709725,0
"Avo, Egg & Bacon",2025-11-04,1,1.994785747930308,0
"Avo, Egg & Bacon",2025-11-05,2,2.2409013487177263,0
"Avo, Egg & Bacon",2025-11-06,2,2.87641442677349,0
"Avo, Egg & Bacon",2025-11-07,6,2.0394213149152947,0
"Avo, Egg & Bacon",2025-11-08,9,3.8472724388294646,0
"Avo, Egg & Bacon",2025-11-09,1,3.0046885407180772,0
"Avo, Egg & Bacon",2025-11-10,0,2.476551777280963,0
"Avo, Egg & Bacon",2025-11-11,1,1.9680548542335397,0
"Avo, Egg & Bacon",2025-11-12,3,1.9752007378367973,0
"Avo, Egg & Bacon",2025-11-13,2,2.6315968257050204,0
"Avo, Egg & Bacon",2025-11-14,5,2.3054476098462477,0
"Avo, Egg & Bacon",2025-11-15,6,3.5862118308621147,0
"Avo, Egg & Bacon",2025-11-16,5,2.6439464668113093,0
"Avo, Egg & Bacon",2025-11-17,4,2.1571094178363492,0
"Avo, Egg & Bacon",2025-11-18,1,1.5572651330809841,0
"Avo, Egg & Bacon",2025-11-19,0,1.2356327707137054,0
"Avo, Egg & Bacon",2025-11-20,3,1.9887170160493604,0
"Avo, Egg & Bacon",2025-11-21,6,2.15764459861603,0
"Avo, Egg & Bacon",2025-11-22,7,3.6574918272333767,0
"Avo, Egg & Bacon",2025-11-23,6,2.5119224765652324,0
"Avo, Egg & Bacon",2025-11-24,2,2.6353619831170785,0
"Avo, Egg & Bacon",2025-11-25,1,1.6578028352534733,0
"Avo, Egg & Bacon",2025-11-26,2,1.8711264124085187,0
"Avo, Egg & Bacon",2025-11-27,3,2.7863110662493242,0
"Avo, Egg & Bacon",2025-11-28,3,1.7808447326986565,0
"Avo, Egg & Bacon",2025-11-29,5,3.6007934692673156,0
"Avo, Egg & Bacon",2025-11-30,4,2.0859063584016173,0
"Avo, Feta & Tom",2025-11-01,5,3.665287046738114,0
"Avo, Feta & Tom",2025-11-02,2,3.7657201576897665,0
"Avo, Feta & Tom",2025-11-03,1,2.4142476557064207,0
"Avo, Feta & Tom",2025-11-04,1,2.056684782033563,0
"Avo, Feta & Tom",2025-11-05,1,2.5588877613601833,0
"Avo, Feta & Tom",2025-11-06,2,2.5014274240288494,0
"Avo, Feta & Tom",2025-11-07,4,2.289037332103736,0
"Avo, Feta & Tom",2025-11-08,5,3.313245878785825,0
"Avo, Feta & Tom",2025-11-09,4,2.9590209436010775,0
"Avo, Feta & Tom",2025-11-10,7,2.0923223998183023,0
"Avo, Feta & Tom",2025-11-11,2,1.8755669179517862,0
"Avo, Feta & Tom",2025-11-12,2,2.4360245647228567,0
"Avo, Feta & Tom",2025-11-13,1,2.2046446205841583,0
"Avo, Feta & Tom",2025-11-14,3,2.3138567901863576,0
"Avo, Feta & Tom",2025-11-15,3,3.0714809876245406,0
"Avo, Feta & Tom",2025-11-16,2,3.255401711925021,0
"Avo, Feta & Tom",2025-11-17,1,1.8765093624395144,0
"Avo, Feta & Tom",2025-11-18,2,1.7395661816752899,0
"Avo, Feta & Tom",2025-11-19,0,4.1442640215154745,0
"Avo, Feta & Tom",2025-11-20,3,7.111954296571987,0
"Avo, Feta & Tom",2025-11-21,1,3.5758887600939,0
"Avo, Feta & Tom",2025-11-22,4,3.2656455545328256,0
"Avo, Feta & Tom",2025-11-23,0,2.5916061966470485,0
"Avo, Feta & Tom",2025-11-24,1,1.8680435652123473,0
"Avo, Feta & Tom",2025-11-25,2,1.8779389600747793,0
"Avo, Feta & Tom",2025-11-26,5,2.3566896616328936,0
"Avo, Feta & Tom",2025-11-27,1,2.449620248530561,0
"Avo, Feta & Tom",2025-11-28,0,1.9581900407678408,0
"Avo, Feta & Tom",2025-11-29,2,3.167919127392187,0
"Avo, Feta & Tom",2025-11-30,0,3.6333057497872567,0
Avocado on Toast,2025-11-01,3,2.766850492071032,0
Avocado on Toast,2025-11-02,3,2.8990205722652544,0
Avocado on Toast,2025-11-03,1,2.3773614000987116,0
Avocado on Toast,2025-11-04,2,1.8335676099148261,0
Avocado on Toast,2025-11-05,4,2.1721445947714733,0
Avocado on Toast,2025-11-06,5,2.506879921414657,0
Avocado on Toast,2025-11-07,1,2.4168657769579496,0
Avocado on Toast,2025-11-08,5,2.7797698875800054,0
Avocado on Toast,2025-11-09,3,2.950064692468641,0
Avocado on Toast,2025-11-10,1,2.113930101143774,0
Avocado on Toast,2025-11-11,3,1.6940897438457025,0
Avocado on Toast,2025-11-12,1,2.007647460418782,0
Avocado on Toast,2025-11-13,1,2.2420324606345,0
Avocado on Toast,2025-11-14,3,2.150404046269706,0
Avocado on Toast,2025-11-15,4,2.5388417014312203,0
Avocado on Toast,2025-11-16,1,2.657547135319568,0
Avocado on Toast,2025-11-17,0,2.0043486046032712,0
Avocado on Toast,2025-11-18,1,1.61954351377976,0
Avocado on Toast,2025-11-19,0,1.5214272617032423,0
Avocado on Toast,2025-11-20,1,1.7402255637316733,0
Avocado on Toast,2025-11-21,2,2.2356477102951757,0
Avocado on Toast,2025-11-22,0,2.4074025776701946,0
Avocado on Toast,2025-11-23,2,2.826585814780281,0
Avocado on Toast,2025-11-24,1,2.0570352920361956,0
Avocado on Toast,2025-11-25,0,1.576952108561346,0
Avocado on Toast,2025-11-26,1,1.8787374774234251,0
Avocado on Toast,2025-11-27,1,2.1182079957134325,0
Avocado on Toast,2025-11-28,0,2.2079223756562634,0
Avocado on Toast,2025-11-29,2,2.4729932251239024,0
Avocado on Toast,2025-11-30,4,2.1400388420455987,0
Bacon,2025-11-01,16,6.78550560048753,0
Bacon,2025-11-02,5,6.453096629446258,0
Bacon,2025-11-03,6,4.7494952028077435,0
Bacon,2025-11-04,7,4.972448628534015,0
Bacon,2025-11-05,5,4.170297276498672,0
Bacon,2025-11-06,2,4.82680450899105,0
Bacon,2025-11-07,6,5.359762961355997,0
Bacon,2025-11-08,6,6.78980283568022,0
Bacon,2025-11-09,11,6.921823512547526,0
Bacon,2025-11-10,1,4.83002695484194,0
Bacon,2025-11-11,4,4.893736220567632,0
Bacon,2025-11-12,4,3.9119471229826766,0
Bacon,2025-11-13,8,4.325907876738255,0
Bacon,2025-11-14,12,4.8490216596952695,0
Bacon,2025-11-15,6,6.47516909036663,0
Bacon,2025-11-16,5,6.174053112092699,0
Bacon,2025-11-17,4,4.3232251343102925,0
Bacon,2025-11-18,4,4.565719424732429,0
Bacon,2025-11-19,4,3.944891107665293,0
Bacon,2025-11-20,7,4.735057316512489,0
Bacon,2025-11-21,7,4.63993082505312,0
Bacon,2025-11-22,5,6.470132979212613,0
Bacon,2025-11-23,4,6.678998643037388,0
Bacon,2025-11-24,2,4.639573166689351,0
Bacon,2025-11-25,6,4.820259294167609,0
Bacon,2025-11-26,2,3.915235538507003,0
Bacon,2025-11-27,5,5.553892661672144,0
Bacon,2025-11-28,12,5.051768975747163,0
Bacon,2025-11-29,3,7.057161725697052,0
Bacon,2025-11-30,15,6.444599927566215,0
Bacon Bap,2025-11-01,26,20.0735671301239,1
Bacon Bap,2025-11-02,26,16.230141012968435,1
Bacon Bap,2025-11-03,8,15.743829189783751,1
Bacon Bap,2025-11-04,14,15.262966964399839,1
Bacon Bap,2025-11-05,14,16.17633391536389,1
Bacon Bap,2025-11-06,22,16.213137284158236,1
Bacon Bap,2025-11-07,18,17.41696475596286,1
Bacon Bap,2025-11-08,20,20.20587290605489,1
Bacon Bap,2025-11-09,12,16.337642166637057,1
Bacon Bap,2025-11-10,5,15.010726579033513,1
Bacon Bap,2025-11-11,14,15.26998957595866,1
Bacon Bap,2025-11-12,12,16.155147261820503,1
Bacon Bap,2025-11-13,9,16.544872765202147,1
Bacon Bap,2025-11-14,17,18.190798034729195,1
Bacon Bap,2025-11-15,10,19.335584818315187,1
Bacon Bap,2025-11-16,14,15.683950471359896,1
Bacon Bap,2025-11-17,13,15.377723123707558,1
Bacon Bap,2025-11-18,11,15.179929390175738,1
Bacon Bap,2025-11-19,13,16.023364705680788,1
Bacon Bap,2025-11-20,7,16.434232458259245,1
Bacon Bap,2025-11-21,16,17.67215305416464,1
Bacon Bap,2025-11-22,17,19.18116398059543,1
Bacon Bap,2025-11-23,18,15.538605632590452,1
Bacon Bap,2025-11-24,26,15.022790744107839,1
Bacon Bap,2025-11-25,10,14.432551320369935,1
Bacon Bap,2025-11-26,15,16.16710095480491,1
Bacon Bap,2025-11-27,11,16.828909565087297,1
Bacon Bap,2025-11-28,11,17.696922206933404,1
Bacon Bap,2025-11-29,16,19.577241813256556,1
Bacon Bap,2025-11-30,26,16.693425941869894,1
Bacon Egg Brioch,2025-11-01,1,0.6355029861609786,0
Bacon Egg Brioch,2025-11-02,4,0.885848202112713,0
Bacon Egg Brioch,2025-11-03,1,0.15403003118944444,0
Bacon Egg Brioch,2025-11-04,2,0.003394792619864563,0
Bacon Egg Brioch,2025-11-05,2,0.21712361042343564,0
Bacon Egg Brioch,2025-11-06,2,0.2560304456467798,0
Bacon Egg Brioch,2025-11-07,3,0.37560455496740625,0
Bacon Egg Brioch,2025-11-08,3,0.3074991062047267,0
Bacon Egg Brioch,2025-11-09,3,2.03095813021498,0
Bacon Egg Brioch,2025-11-10,2,0.732503624653901,0
Bacon Egg Brioch,2025-11-11,2,0.7365150013818718,0
Bacon Egg Brioch,2025-11-12,0,0.7609525446469003,0
Bacon Egg Brioch,2025-11-13,3,0.4187159597755923,0
Bacon Egg Brioch,2025-11-14,0,1.1083274350583048,0
Bacon Egg Brioch,2025-11-15,3,1.7765373042555257,0
Bacon Egg Brioch,2025-11-16,6,3.220679310830423,0
Bacon Egg Brioch,2025-11-17,3,1.707134877386449,0
Bacon Egg Brioch,2025-11-18,0,1.88319424560949,0
Bacon Egg Brioch,2025-11-19,0,2.5015423196362647,0
Bacon Egg Brioch,2025-11-20,2,2.856596038135644,0
Bacon Egg Brioch,2025-11-21,3,2.994309724440386,0
Bacon Egg Brioch,2025-11-22,1,3.4302396935638795,0
Bacon Egg Brioch,2025-11-23,5,4.482950704049252,0
Bacon Egg Brioch,2025-11-24,2,2.690003072116928,0
Bacon Egg Brioch,2025-11-25,1,2.643186372607879,0
Bacon Egg Brioch,2025-11-26,0,1.8088632076132516,0
Bacon Egg Brioch,2025-11-27,1,2.486355730862445,0
Bacon Egg Brioch,2025-11-28,2,0.5253487134452385,0
Bacon Egg Brioch,2025-11-29,0,2.676194938004206,0
Bacon Egg Brioch,2025-11-30,4,2.365502533631979,0
Bacon Waffle,2025-11-01,1,5.283662627128495,0
Bacon Waffle,2025-11-02,12,5.367967691245043,0
Bacon Waffle,2025-11-03,5,2.839133583643716,0
Bacon Waffle,2025-11-04,2,2.696973092152169,0
Bacon Waffle,2025-11-05,4,2.9313739479824705,0
Bacon Waffle,2025-11-06,2,2.9887171663351895,0
Bacon Waffle,2025-11-07,5,3.3870265132691713,0
Bacon Waffle,2025-11-08,1,5.365471920024196,0
Bacon Waffle,2025-11-09,3,5.7449677069140295,0
Bacon Waffle,2025-11-10,0,2.6114312224726595,0
Bacon Waffle,2025-11-11,0,2.6556057078975517,0
Bacon Waffle,2025-11-12,2,2.8519507685270264,0
Bacon Waffle,2025-11-13,1,2.828878765530922,0
Bacon Waffle,2025-11-14,4,3.384469597614675,0
Bacon Waffle,2025-11-15,2,4.9701610164238215,0
Bacon Waffle,2025-11-16,4,5.287017644455161,0
Bacon Waffle,2025-11-17,3,2.5954076226580014,0
Bacon Waffle,2025-11-18,2,2.783031498470987,0
Bacon Waffle,2025-11-19,0,3.336801526934364,0
Bacon Waffle,2025-11-20,1,4.02217186155407,0
Bacon Waffle,2025-11-21,1,3.617223141852133,0
Bacon Waffle,2025-11-22,4,5.268773822365396,0
Bacon Waffle,2025-11-23,2,6.101725201299139,0
Bacon Waffle,2025-11-24,3,3.0375951320538728,0
Bacon Waffle,2025-11-25,2,2.8219395687486326,0
Bacon Waffle,2025-11-26,1,3.266925573389726,0
Bacon Waffle,2025-11-27,2,3.4854140152416857,0
Bacon Waffle,2025-11-28,5,3.8509743823927827,0
Bacon Waffle,2025-11-29,3,5.506132830732557,0
Bacon Waffle,2025-11-30,5,5.9005429582701865,0
Baked Beans,2025-11-01,3,6.889781398622698,0
Baked Beans,2025-11-02,8,6.8527652768988165,0
Baked Beans,2025-11-03,3,3.7683825253802983,0
Baked Beans,2025-11-04,6,3.4898137621868126,0
Baked Beans,2025-11-05,3,4.082597722702797,0
Baked Beans,2025-11-06,5,3.971140692023893,0
Baked Beans,2025-11-07,9,4.331229492088004,0
Baked Beans,2025-11-08,5,6.161653929273958,0
Baked Beans,2025-11-09,7,6.278953751574338,0
Baked Beans,2025-11-10,1,3.413233588566831,0
Baked Beans,2025-11-11,7,3.3520030626251813,0
Baked Beans,2025-11-12,5,3.703984803464429,0
Baked Beans,2025-11-13,2,3.8552202637959723,0
Baked Beans,2025-11-14,5,4.410561677003726,0
Baked Beans,2025-11-15,4,5.944095925029948,0
Baked Beans,2025-11-16,8,6.2760663878534,0
Baked Beans,2025-11-17,7,3.4719391221503004,0
Baked Beans,2025-11-18,2,3.28919189602494,0
Baked Beans,2025-11-19,2,3.3441100537948674,0
Baked Beans,2025-11-20,8,2.9321211655022474,0
Baked Beans,2025-11-21,9,3.8702112806197686,0
Baked Beans,2025-11-22,7,6.255539757111395,0
Baked Beans,2025-11-23,6,6.2864565449470895,0
Baked Beans,2025-11-24,7,3.697257220244409,0
Baked Beans,2025-11-25,3,3.397677939141045,0
Baked Beans,2025-11-26,7,4.10842416060111,0
Baked Beans,2025-11-27,6,4.580652272372368,0
Baked Beans,2025-11-28,1,4.6593382026448555,0
Baked Beans,2025-11-29,2,6.648716421446675,0
Baked Beans,2025-11-30,8,7.352346168724188,0
Baked Beans JP,2025-11-01,0,0.11850114465898802,3
Baked Beans JP,2025-11-02,0,0.09597071749379854,3
Baked Beans JP,2025-11-03,0,0.05557008707531051,3
Baked Beans JP,2025-11-04,0,0.07385672535938306,3
Baked Beans JP,2025-11-05,0,0.05929944045410635,3
Baked Beans JP,2025-11-06,0,0.06252350201205589,3
Baked Beans JP,2025-11-07,0,0.03483637198406434,3
Baked Beans JP,2025-11-08,1,0.08655149899560442,3
Baked Beans JP,2025-11-09,1,0.07973631258633622,3
Baked Beans JP,2025-11-10,0,0.04017288050894884,3
Baked Beans JP,2025-11-11,0,0.06069863054018685,3
Baked Beans JP,2025-11-12,0,0.04698347514694416,3
Baked Beans JP,2025-11-13,0,0.052454994782429765,3
Baked Beans JP,2025-11-14,0,0.029405143785582774,3
Baked Beans JP,2025-11-15,0,0.07515099995806912,3
Baked Beans JP,2025-11-16,1,0.06636879877621173,3
Baked Beans JP,2025-11-17,0,0.04221707956787064,3
Baked Beans JP,2025-11-18,0,0.06679240171561673,3
Baked Beans JP,2025-11-19,0,0.04743350528493012,3
Baked Beans JP,2025-11-20,0,0.049881989271799015,3
Baked Beans JP,2025-11-21,0,0.03122024794791608,3
Baked Beans JP,2025-11-22,0,0.0959154892859972,3
Baked Beans JP,2025-11-23,0,0.1061993140861932,3
Baked Beans JP,2025-11-24,0,0.05685009976293213,3
Baked Beans JP,2025-11-25,0,0.07809850728543379,3
Baked Beans JP,2025-11-26,0,0.06719176822629619,3
Baked Beans JP,2025-11-27,0,0.09317037022866115,3
Baked Beans JP,2025-11-28,1,0.046971658340655524,3
Baked Beans JP,2025-11-29,0,0.10914708025952391,3
Baked Beans JP,2025-11-30,0,0.10650493557976293,3
Bakery,2025-11-01,68,68.2588502525144,1
Bakery,2025-11-02,50,61.080144157248256,1
Bakery,2025-11-03,56,52.665711309120624,1
Bakery,2025-11-04,60,55.63406830437776,1
Bakery,2025-11-05,57,59.899850586148084,1
Bakery,2025-11-06,70,61.11617187661774,1
Bakery,2025-11-07,74,63.777372205032634,1
Bakery,2025-11-08,57,68.292624800285,1
Bakery,2025-11-09,66,61.951713485628474,1
Bakery,2025-11-10,41,53.71409656693855,1
Bakery,2025-11-11,52,58.73026844293902,1
Bakery,2025-11-12,65,60.458384624613466,1
Bakery,2025-11-13,52,63.988955750926394,1
Bakery,2025-11-14,62,67.68509772697323,1
Bakery,2025-11-15,60,69.4320844599519,1
Bakery,2025-11-16,57,62.91594324200623,1
Bakery,2025-11-17,71,56.45766685184245,1
Bakery,2025-11-18,51,60.35352614468925,1
Bakery,2025-11-19,48,59.777341167780584,1
Bakery,2025-11-20,60,57.560573798015525,1
Bakery,2025-11-21,61,66.08462174047675,1
Bakery,2025-11-22,61,68.46766515067667,1
Bakery,2025-11-23,83,62.21265041468875,1
Bakery,2025-11-24,61,55.73002806062758,1
Bakery,2025-11-25,74,56.7765904309874,1
Bakery,2025-11-26,76,61.0449979114416,1
Bakery,2025-11-27,78,62.32784013997033,1
Bakery,2025-11-28,84,63.30140728401113,1
Bakery,2025-11-29,60,69.26236300083305,1
Bakery,2025-11-30,79,56.44674146896831,1
Bean Soldiers,2025-11-01,1,3.3951129263528586,0
Bean Soldiers,2025-11-02,0,1.3781584953852357,0
Bean Soldiers,2025-11-03,1,1.7630335240110369,0
Bean Soldiers,2025-11-04,0,1.414102922302215,0
Bean Soldiers,2025-11-05,0,2.959456363159519,0
Bean Soldiers,2025-11-06,0,2.7273560847003715,0
Bean Soldiers,2025-11-07,1,3.1224831533877646,0
Bean Soldiers,2025-11-08,2,4.470618715623903,0
Bean Soldiers,2025-11-09,0,0.8008885522171972,0
Bean Soldiers,2025-11-10,1,1.4827942226518724,0
Bean Soldiers,2025-11-11,1,1.3881590668924506,0
Bean Soldiers,2025-11-12,1,1.7136585516752882,0
Bean Soldiers,2025-11-13,0,1.3285515178076064,0
Bean Soldiers,2025-11-14,0,1.422482234450793,0
Bean Soldiers,2025-11-15,0,2.661507948258013,0
Bean Soldiers,2025-11-16,0,0.6478438766212945,0
Bean Soldiers,2025-11-17,0,0.7302889304967127,0
Bean Soldiers,2025-11-18,0,1.0571599632753894,0
Bean Soldiers,2025-11-19,0,1.6810763345634758,0
Bean Soldiers,2025-11-20,0,1.7282696840201333,0
Bean Soldiers,2025-11-21,0,1.55116541037115,0
Bean Soldiers,2025-11-22,1,2.8251486058967235,0
Bean Soldiers,2025-11-23,1,0.5831546955607808,0
Bean Soldiers,2025-11-24,1,1.2545748371289407,0
Bean Soldiers,2025-11-25,0,0.5936760230203739,0
Bean Soldiers,2025-11-26,1,1.5695959956560788,0
Bean Soldiers,2025-11-27,0,0.5238929639798142,0
Bean Soldiers,2025-11-28,0,1.509912539945927,0
Bean Soldiers,2025-11-29,0,3.4944976494484568,0
Bean Soldiers,2025-11-30,1,1.0396883363453429,0
Big Breakfast,2025-11-01,25,25.04076088563108,0
Big Breakfast,2025-11-02,33,25.557606904266795,0
Big Breakfast,2025-11-03,12,12.13625120694462,0
Big Breakfast,2025-11-04,17,11.69524895273979,0
Big Breakfast,2025-11-05,7,12.059557121413418,0
Big Breakfast,2025-11-06,13,13.0325994526352,0
Big Breakfast,2025-11-07,13,15.24553595773268,0
Big Breakfast,2025-11-08,28,24.54868612857389,0
Big Breakfast,2025-11-09,20,24.865785092423565,0
Big Breakfast,2025-11-10,11,12.015464559484021,0
Big Breakfast,2025-11-11,10,12.191636773627614,0
Big Breakfast,2025-11-12,10,11.722372488877646,0
Big Breakfast,2025-11-13,12,13.733499398534814,0
Big Breakfast,2025-11-14,16,16.106571444181313,0
Big Breakfast,2025-11-15,24,24.473920150939456,0
Big Breakfast,2025-11-16,27,25.417657416800584,0
Big Breakfast,2025-11-17,6,12.568878151632742,0
Big Breakfast,2025-11-18,15,12.846442727696832,0
Big Breakfast,2025-11-19,12,13.530981217873125,0
Big Breakfast,2025-11-20,9,16.165404155165497,0
Big Breakfast,2025-11-21,15,16.68327624604468,0
Big Breakfast,2025-11-22,28,24.217731203585547,0
Big Breakfast,2025-11-23,29,25.63104223505941,0
Big Breakfast,2025-11-24,16,13.453588160339113,0
Big Breakfast,2025-11-25,5,11.711029388256817,0
Big Breakfast,2025-11-26,14,12.668761452258142,0
Big Breakfast,2025-11-27,13,13.623856669318382,0
Big Breakfast,2025-11-28,9,16.211814107542953,0
Big Breakfast,2025-11-29,31,24.850899927636,0
Big Breakfast,2025-11-30,28,26.951821310238067,0
Black Pudding,2025-11-01,3,2.983964988511286,0
Black Pudding,2025-11-02,5,3.9550748325389957,0
Black Pudding,2025-11-03,7,0.9854760710295878,0
Black Pudding,2025-11-04,2,0.9961677876788156,0
Black Pudding,2025-11-05,0,0.9514478854401507,0
Black Pudding,2025-11-06,1,0.859737934863213,0
Black Pudding,2025-11-07,2,1.1707392740285134,0
Black Pudding,2025-11-08,6,2.658906050341444,0
Black Pudding,2025-11-09,1,3.510928614584692,0
Black Pudding,2025-11-10,0,0.9347432921371114,0
Black Pudding,2025-11-11,2,0.8704494078226607,0
Black Pudding,2025-11-12,1,0.8024980285703818,0
Black Pudding,2025-11-13,5,0.9954696840921988,0
Black Pudding,2025-11-14,1,1.244491611865877,0
Black Pudding,2025-11-15,3,2.861613341616265,0
Black Pudding,2025-11-16,1,3.523166815255585,0
Black Pudding,2025-11-17,5,0.931830095172389,0
Black Pudding,2025-11-18,2,0.9668350775796178,0
Black Pudding,2025-11-19,0,0.5886349066132861,0
Black Pudding,2025-11-20,1,0.560716011412892,0
Black Pudding,2025-11-21,4,1.1966044646722,0
Black Pudding,2025-11-22,4,2.658648938742149,0
Black Pudding,2025-11-23,8,3.528376730151302,0
Black Pudding,2025-11-24,2,0.9069696203143878,0
Black Pudding,2025-11-25,2,0.8697192721533272,0
Black Pudding,2025-11-26,2,0.9154598490855873,0
Black Pudding,2025-11-27,0,0.9431467172441204,0
Black Pudding,2025-11-28,1,1.4085098192258954,0
Black Pudding,2025-11-29,3,2.8284423778702013,0
Black Pudding,2025-11-30,3,3.8975968748140346,0
Breakfast Hash,2025-11-01,0,1.8208183566185112,0
Breakfast Hash,2025-11-02,0,1.981047460707552,0
Breakfast Hash,2025-11-03,2,0.7394358997005357,0
Breakfast Hash,2025-11-04,2,0.49946477213563056,0
Breakfast Hash,2025-11-05,0,0.6849328904514816,0
Breakfast Hash,2025-11-06,0,0.6066393610160647,0
Breakfast Hash,2025-11-07,0,0.8267578225642785,0
Breakfast Hash,2025-11-08,1,1.3907430526460693,0
Breakfast Hash,2025-11-09,1,1.3093207159621791,0
Breakfast Hash,2025-11-10,0,0.4037750829893234,0
Breakfast Hash,2025-11-11,1,0.23406718546659838,0
Breakfast Hash,2025-11-12,1,0.5380577317740242,0
Breakfast Hash,2025-11-13,0,0.5112210221957909,0
Breakfast Hash,2025-11-14,2,0.71552065467128,0
Breakfast Hash,2025-11-15,1,1.348487732478121,0
Breakfast Hash,2025-11-16,2,1.6742222816186427,0
Breakfast Hash,2025-11-17,0,0.6257214472793017,0
Breakfast Hash,2025-11-18,1,0.43896365351534905,0
Breakfast Hash,2025-11-19,0,0.6896852501866723,0
Breakfast Hash,2025-11-20,0,0.35370799147625337,0
Breakfast Hash,2025-11-21,0,0.9024805420800374,0
Breakfast Hash,2025-11-22,3,1.8256661443618472,0
Breakfast Hash,2025-11-23,0,2.1496956841179475,0
Breakfast Hash,2025-11-24,0,0.9361526814122642,0
Breakfast Hash,2025-11-25,2,0.8187976960634286,0
Breakfast Hash,2025-11-26,0,1.3104423514998023,0
Breakfast Hash,2025-11-27,1,1.6590670030160108,0
Breakfast Hash,2025-11-28,0,1.7573893305790433,0
Breakfast Hash,2025-11-29,3,2.3411655237635287,0
Breakfast Hash,2025-11-30,1,1.818430386693416,0
Breakfast Muffin,2025-11-01,5,7.185298559781688,0
Breakfast Muffin,2025-11-02,9,6.343305552157717,0
Breakfast Muffin,2025-11-03,4,5.145786549347819,0
Breakfast Muffin,2025-11-04,2,3.721787103158771,0
Breakfast Muffin,2025-11-05,4,4.580323800864018,0
Breakfast Muffin,2025-11-06,3,4.328906424574039,0
Breakfast Muffin,2025-11-07,7,4.720142800018709,0
Breakfast Muffin,2025-11-08,4,6.165644980357009,0
Breakfast Muffin,2025-11-09,4,6.295287150854016,0
Breakfast Muffin,2025-11-10,5,4.184332785436612,0
Breakfast Muffin,2025-11-11,1,3.069859858329042,0
Breakfast Muffin,2025-11-12,6,3.276173493291341,0
Breakfast Muffin,2025-11-13,2,2.774776165778398,0
Breakfast Muffin,2025-11-14,6,3.485741045757207,0
Breakfast Muffin,2025-11-15,9,4.850055665479756,0
Breakfast Muffin,2025-11-16,4,4.7206111309480745,0
Breakfast Muffin,2025-11-17,3,3.124294623538504,0
Breakfast Muffin,2025-11-18,1,2.514552547528612,0
Breakfast Muffin,2025-11-19,5,2.4162543561532175,0
Breakfast Muffin,2025-11-20,4,2.6770598560748824,0
Breakfast Muffin,2025-11-21,4,3.2631774187783718,0
Breakfast Muffin,2025-11-22,2,5.249698667188329,0
Breakfast Muffin,2025-11-23,5,5.526645661972259,0
Breakfast Muffin,2025-11-24,3,4.094007977619228,0
Breakfast Muffin,2025-11-25,1,2.677051454682788,0
Breakfast Muffin,2025-11-26,4,3.005620470165434,0
Breakfast Muffin,2025-11-27,1,3.6820218976994,0
Breakfast Muffin,2025-11-28,3,3.213340094903202,0
Breakfast Muffin,2025-11-29,4,5.5131220767137075,0
Breakfast Muffin,2025-11-30,4,5.311685670521844,0
Breakfast Wrap,2025-11-01,0,0.0018614376118866527,0
Breakfast Wrap,2025-11-02,0,0.002882511817597745,0
Breakfast Wrap,2025-11-03,0,0.0010355545259082644,0
Breakfast Wrap,2025-11-04,0,0.0007784441890274443,0
Breakfast Wrap,2025-11-05,0,0.0010046161373881493,0
Breakfast Wrap,2025-11-06,0,0.0009631171237882186,0
Breakfast Wrap,2025-11-07,0,0.0014402181490367476,0
Breakfast Wrap,2025-11-08,0,0.0012401233420647735,0
Breakfast Wrap,2025-11-09,0,0.0036994183784390946,0
Breakfast Wrap,2025-11-10,0,0.0005309998127518646,0
Breakfast Wrap,2025-11-11,0,0.0007142161349913787,0
Breakfast Wrap,2025-11-12,0,0.0012520724778202076,0
Breakfast Wrap,2025-11-13,0,0.000985693356257671,0
Breakfast Wrap,2025-11-14,0,0.002154523931773784,0
Breakfast Wrap,2025-11-15,0,0.000965135314499437,0
Breakfast Wrap,2025-11-16,0,0.0030592474576795797,0
Breakfast Wrap,2025-11-17,0,0.0010706064448128376,0
Breakfast Wrap,2025-11-18,0,0.0007110271707746269,0
Breakfast Wrap,2025-11-19,0,0.0014787812262060096,0
Breakfast Wrap,2025-11-20,0,0.0016441668524416818,0
Breakfast Wrap,2025-11-21,0,0.002233028169243242,0
Breakfast Wrap,2025-11-22,0,0.002236515675040132,0
Breakfast Wrap,2025-11-23,0,0.004033954799532403,0
Breakfast Wrap,2025-11-24,0,0.0010921750086575128,0
Breakfast Wrap,2025-11-25,0,0.0012303188926157404,0
Breakfast Wrap,2025-11-26,0,0.0016700859460157906,0
Breakfast Wrap,2025-11-27,0,0.003067576764553888,0
Breakfast Wrap,2025-11-28,0,0.002279701675346826,0
Breakfast Wrap,2025-11-29,0,0.0013582049577743358,0
Breakfast Wrap,2025-11-30,0,0.003099499690580284,0
Brown Toast Bread,2025-11-01,4,7.716853930594895,0
Brown Toast Bread,2025-11-02,8,7.917196455220958,0
Brown Toast Bread,2025-11-03,7,6.053369325182237,0
Brown Toast Bread,2025-11-04,8,6.058305724901334,0
Brown Toast Bread,2025-11-05,6,6.780180454603357,0
Brown Toast Bread,2025-11-06,9,9.254381476163076,0
Brown Toast Bread,2025-11-07,7,8.049866348949456,0
Brown Toast Bread,2025-11-08,6,8.663259029531002,0
Brown Toast Bread,2025-11-09,12,9.08452452092266,0
Brown Toast Bread,2025-11-10,9,6.581770460095821,0
Brown Toast Bread,2025-11-11,9,6.2758524275941765,0
Brown Toast Bread,2025-11-12,6,7.1063004395168115,0
Brown Toast Bread,2025-11-13,10,9.701642700395176,0
Brown Toast Bread,2025-11-14,13,8.192163224689942,0
Brown Toast Bread,2025-11-15,6,9.291770469293839,0
Brown Toast Bread,2025-11-16,8,8.875317760433544,0
Brown Toast Bread,2025-11-17,11,6.676056472538119,0
Brown Toast Bread,2025-11-18,5,6.949900546050767,0
Brown Toast Bread,2025-11-19,6,7.808315955495321,0
Brown Toast Bread,2025-11-20,6,11.29208035158853,0
Brown Toast Bread,2025-11-21,8,9.552367690033973,0
Brown Toast Bread,2025-11-22,12,9.629566262947334,0
Brown Toast Bread,2025-11-23,15,10.582745090116868,0
Brown Toast Bread,2025-11-24,8,7.659375249172382,0
Brown Toast Bread,2025-11-25,6,7.268445591184776,0
Brown Toast Bread,2025-11-26,9,8.421804927525745,0
Brown Toast Bread,2025-11-27,11,12.322460242211015,0
Brown Toast Bread,2025-11-28,9,9.950859634101432,0
Brown Toast Bread,2025-11-29,8,10.129132577373465,0
Brown Toast Bread,2025-11-30,7,10.090604485892285,0
Buttd Mushrooms,2025-11-01,3,0.7369294269020431,0
Buttd Mushrooms,2025-11-02,3,0.50960576449476,0
Buttd Mushrooms,2025-11-03,2,1.297836739439382,0
Buttd Mushrooms,2025-11-04,3,0.9174702446182582,0
Buttd Mushrooms,2025-11-05,4,1.034009732857646,0
Buttd Mushrooms,2025-11-06,2,1.4081325597884709,0
Buttd Mushrooms,2025-11-07,3,1.2911479986410672,0
Buttd Mushrooms,2025-11-08,1,1.1577010149768219,0
Buttd Mushrooms,2025-11-09,4,1.8334805604073035,0
Buttd Mushrooms,2025-11-10,1,2.1030430609088535,0
Buttd Mushrooms,2025-11-11,1,1.382943017713967,0
Buttd Mushrooms,2025-11-12,1,1.0838510558268517,0
Buttd Mushrooms,2025-11-13,1,0.9775738493985294,0
Buttd Mushrooms,2025-11-14,5,0.845371432824873,0
Buttd Mushrooms,2025-11-15,3,1.4901290191125447,0
Buttd Mushrooms,2025-11-16,3,1.1856582204212949,0
Buttd Mushrooms,2025-11-17,1,1.8252262663336212,0
Buttd Mushrooms,2025-11-18,0,1.5974520784666664,0
Buttd Mushrooms,2025-11-19,5,1.2452824337638213,0
Buttd Mushrooms,2025-11-20,3,1.6924957490072157,0
Buttd Mushrooms,2025-11-21,0,1.2139411048326925,0
Buttd Mushrooms,2025-11-22,1,1.938635501398173,0
Buttd Mushrooms,2025-11-23,1,2.490736558585978,0
Buttd Mushrooms,2025-11-24,2,2.3605859112558933,0
Buttd Mushrooms,2025-11-25,1,1.866205589377385,0
Buttd Mushrooms,2025-11-26,2,1.0949824672781543,0
Buttd Mushrooms,2025-11-27,1,2.92946293760367,0
Buttd Mushrooms,2025-11-28,5,0.7879949996263289,0
Buttd Mushrooms,2025-11-29,4,1.5808858818623561,0
Buttd Mushrooms,2025-11-30,3,1.0323468228358146,0
Cheese & Bean JP,2025-11-01,2,1.5822703103699025,3
Cheese & Bean JP,2025-11-02,3,1.506960268912101,3
Cheese & Bean JP,2025-11-03,2,1.4157416500715614,3
Cheese & Bean JP,2025-11-04,0,1.4227389198521807,3
Cheese & Bean JP,2025-11-05,2,1.6591518569785262,3
Cheese & Bean JP,2025-11-06,0,1.4938717701279325,3
Cheese & Bean JP,2025-11-07,1,1.8127993689943498,3
Cheese & Bean JP,2025-11-08,1,1.8471695912772554,3
Cheese & Bean JP,2025-11-09,2,1.6121908136816059,3
Cheese & Bean JP,2025-11-10,1,1.5005556829762883,3
Cheese & Bean JP,2025-11-11,1,1.4721918954459476,3
Cheese & Bean JP,2025-11-12,0,1.748010302930716,3
Cheese & Bean JP,2025-11-13,2,1.4248300816108153,3
Cheese & Bean JP,2025-11-14,2,1.803546184712571,3
Cheese & Bean JP,2025-11-15,1,1.7418734976999373,3
Cheese & Bean JP,2025-11-16,1,1.6028854433151558,3
Cheese & Bean JP,2025-11-17,1,1.4469655097243224,3
Cheese & Bean JP,2025-11-18,2,1.4539536502622248,3
Cheese & Bean JP,2025-11-19,0,1.4291595789109328,3
Cheese & Bean JP,2025-11-20,0,1.0094762330791736,3
Cheese & Bean JP,2025-11-21,3,1.5692500147255533,3
Cheese & Bean JP,2025-11-22,0,1.7232486781279892,3
Cheese & Bean JP,2025-11-23,1,1.4097889832456505,3
Cheese & Bean JP,2025-11-24,1,1.2198420802790213,3
Cheese & Bean JP,2025-11-25,1,1.340085074778416,3
Cheese & Bean JP,2025-11-26,2,1.4889106265041685,3
Cheese & Bean JP,2025-11-27,2,1.208091338565011,3
Cheese & Bean JP,2025-11-28,0,1.3876128498142113,3
Cheese & Bean JP,2025-11-29,2,1.5027193038584314,3
Cheese & Bean JP,2025-11-30,0,1.342824583849637,3
Cheese JP,2025-11-01,0,0.20121587001956412,3
Cheese JP,2025-11-02,1,0.1476844926586903,3
Cheese JP,2025-11-03,0,0.16874245637420476,3
Cheese JP,2025-11-04,0,0.23019448399635123,3
Cheese JP,2025-11-05,0,0.16023154450169994,3
Cheese JP,2025-11-06,1,0.1803128668088361,3
Cheese JP,2025-11-07,0,0.24732851954054325,3
Cheese JP,2025-11-08,0,0.22385700111919377,3
Cheese JP,2025-11-09,0,0.21569620305978227,3
Cheese JP,2025-11-10,1,0.21010536167812247,3
Cheese JP,2025-11-11,2,0.29325971074313595,3
Cheese JP,2025-11-12,0,0.2258572730375699,3
Cheese JP,2025-11-13,0,0.2516770035851187,3
Cheese JP,2025-11-14,0,0.3585842385790486,3
Cheese JP,2025-11-15,0,0.3301943051785462,3
Cheese JP,2025-11-16,0,0.25913478530811795,3
Cheese JP,2025-11-17,0,0.273384120131879,3
Cheese JP,2025-11-18,0,0.35728164112214655,3
Cheese JP,2025-11-19,0,0.26676981938424893,3
Cheese JP,2025-11-20,0,0.270284137774076,3
Cheese JP,2025-11-21,1,0.42246710174145874,3
Cheese JP,2025-11-22,0,0.37282919368544626,3
Cheese JP,2025-11-23,1,0.32545582726164196,3
Cheese JP,2025-11-24,0,0.28467268228583004,3
Cheese JP,2025-11-25,0,0.39454628546327764,3
Cheese JP,2025-11-26,0,0.2817412702579281,3
Cheese JP,2025-11-27,1,0.3697285301757562,3
Cheese JP,2025-11-28,0,0.40911885195106185,3
Cheese JP,2025-11-29,0,0.31138653619911894,3
Cheese JP,2025-11-30,0,0.17430501286208633,3
Chick Flatbread,2025-11-01,0,11.114997083891836,3
Chick Flatbread,2025-11-02,1,10.61640973635305,3
Chick Flatbread,2025-11-03,2,10.287367944075962,3
Chick Flatbread,2025-11-04,5,8.492405702462996,3
Chick Flatbread,2025-11-05,4,8.326654562863027,3
Chick Flatbread,2025-11-06,1,8.587220002406552,3
Chick Flatbread,2025-11-07,2,5.6514417392602665,3
Chick Flatbread,2025-11-08,3,5.800650159557053,3
Chick Flatbread,2025-11-09,2,6.204220272372611,3
Chick Flatbread,2025-11-10,0,4.214121289117821,3
Chick Flatbread,2025-11-11,1,3.242407464249924,3
Chick Flatbread,2025-11-12,0,3.2611517939674557,3
Chick Flatbread,2025-11-13,0,3.091822746334258,3
Chick Flatbread,2025-11-14,0,2.03008610135952,3
Chick Flatbread,2025-11-15,0,1.8465024717950893,3
Chick Flatbread,2025-11-16,0,2.1092129006630502,3
Chick Flatbread,2025-11-17,0,1.5996279181121236,3
Chick Flatbread,2025-11-18,0,1.408230152715427,3
Chick Flatbread,2025-11-19,0,1.6435387623750097,3
Chick Flatbread,2025-11-20,0,1.8471863528815824,3
Chick Flatbread,2025-11-21,0,1.0955780039389373,3
Chick Flatbread,2025-11-22,0,1.2634950691420563,3
Chick Flatbread,2025-11-23,0,1.7315268972965128,3
Chick Flatbread,2025-11-24,0,1.422958006875902,3
Chick Flatbread,2025-11-25,0,1.274700338224383,3
Chick Flatbread,2025-11-26,0,1.5351510370392945,3
Chick Flatbread,2025-11-27,0,2.151120476626048,3
Chick Flatbread,2025-11-28,0,1.374363760552368,3
Chick Flatbread,2025-11-29,0,1.5448652403092753,3
Chick Flatbread,2025-11-30,0,2.3510702483426122,3
Chicken Club,2025-11-01,9,3.149998574550699,3
Chicken Club,2025-11-02,4,3.4348475224381714,3
Chicken Club,2025-11-03,3,2.6194850143059747,3
Chicken Club,2025-11-04,1,2.4741025468655153,3
Chicken Club,2025-11-05,2,2.2528207776653546,3
Chicken Club,2025-11-06,4,2.572783004211636,3
Chicken Club,2025-11-07,5,2.660391321019781,3
Chicken Club,2025-11-08,7,3.6753941778598573,3
Chicken Club,2025-11-09,1,3.607024739165537,3
Chicken Club,2025-11-10,1,3.252114264311291,3
Chicken Club,2025-11-11,4,2.83326423130526,3
Chicken Club,2025-11-12,0,2.785926116367285,3
Chicken Club,2025-11-13,0,3.561334587014993,3
Chicken Club,2025-11-14,0,3.3276923328058072,3
Chicken Club,2025-11-15,0,4.7617874189226175,3
Chicken Club,2025-11-16,0,4.659299696932576,3
Chicken Club,2025-11-17,0,4.2153357704362415,3
Chicken Club,2025-11-18,0,3.753588507894888,3
Chicken Club,2025-11-19,0,4.0088199527921855,3
Chicken Club,2025-11-20,0,4.618221427995246,3
Chicken Club,2025-11-21,0,3.9630787050646177,3
Chicken Club,2025-11-22,0,5.223886725412552,3
Chicken Club,2025-11-23,0,5.00317096086563,3
Chicken Club,2025-11-24,0,4.191896456513151,3
Chicken Club,2025-11-25,0,4.25973561190176,3
Chicken Club,2025-11-26,0,3.9775293994793297,3
Chicken Club,2025-11-27,0,4.387269289028161,3
Chicken Club,2025-11-28,0,4.561694475164019,3
Chicken Club,2025-11-29,0,5.484349365445282,3
Chicken Club,2025-11-30,0,4.870653441759044,3
Chilli Carne JP,2025-11-01,3,1.2195305093715996,3
Chilli Carne JP,2025-11-02,1,1.5073107963506591,3
Chilli Carne JP,2025-11-03,3,1.3933959763981896,3
Chilli Carne JP,2025-11-04,2,0.9103505506973439,3
Chilli Carne JP,2025-11-05,1,1.256674246889345,3
Chilli Carne JP,2025-11-06,1,1.152825801609151,3
Chilli Carne JP,2025-11-07,1,1.3206573088615667,3
Chilli Carne JP,2025-11-08,0,1.3293071300137664,3
Chilli Carne JP,2025-11-09,2,1.7701120973516662,3
Chilli Carne JP,2025-11-10,2,1.3372032205868256,3
Chilli Carne JP,2025-11-11,1,0.9725412521500775,3
Chilli Carne JP,2025-11-12,3,1.1240994337957475,3
Chilli Carne JP,2025-11-13,0,1.0338005352577526,3
Chilli Carne JP,2025-11-14,2,1.151584241964716,3
Chilli Carne JP,2025-11-15,3,1.1492062343774063,3
Chilli Carne JP,2025-11-16,4,1.382814105498042,3
Chilli Carne JP,2025-11-17,2,1.1613809420593788,3
Chilli Carne JP,2025-11-18,3,0.8773660912747144,3
Chilli Carne JP,2025-11-19,0,1.1202492244170246,3
Chilli Carne JP,2025-11-20,1,1.0200641418282572,3
Chilli Carne JP,2025-11-21,2,0.8571523373200635,3
Chilli Carne JP,2025-11-22,1,0.9956349831242031,3
Chilli Carne JP,2025-11-23,4,1.5355084084193544,3
Chilli Carne JP,2025-11-24,0,1.2051083624123926,3
Chilli Carne JP,2025-11-25,0,0.7003298392313086,3
Chilli Carne JP,2025-11-26,1,0.969572708424898,3
Chilli Carne JP,2025-11-27,0,1.0664404842743282,3
Chilli Carne JP,2025-11-28,0,1.040114527776346,3
Chilli Carne JP,2025-11-29,0,1.0122103366876414,3
Chilli Carne JP,2025-11-30,1,1.2010833070241138,3
Egg Bacon Brioch,2025-11-01,0,0.0,0
Egg Bacon Brioch,2025-11-02,0,0.0,0
Egg Bacon Brioch,2025-11-03,0,0.0,0
Egg Bacon Brioch,2025-11-04,0,0.0,0
Egg Bacon Brioch,2025-11-05,0,0.0,0
Egg Bacon Brioch,2025-11-06,0,0.0,0
Egg Bacon Brioch,2025-11-07,0,0.0,0
Egg Bacon Brioch,2025-11-08,0,0.0,0
Egg Bacon Brioch,2025-11-09,0,0.0,0
Egg Bacon Brioch,2025-11-10,0,0.0,0
Egg Bacon Brioch,2025-11-11,0,0.0,0
Egg Bacon Brioch,2025-11-12,0,0.0,0
Egg Bacon Brioch,2025-11-13,0,0.0,0
Egg Bacon Brioch,2025-11-14,0,0.0,0
Egg Bacon Brioch,2025-11-15,0,0.0,0
Egg Bacon Brioch,2025-11-16,0,0.0,0
Egg Bacon Brioch,2025-11-17,0,0.0,0
Egg Bacon Brioch,2025-11-18,0,0.0,0
Egg Bacon Brioch,2025-11-19,0,0.0,0
Egg Bacon Brioch,2025-11-20,0,0.0,0
Egg Bacon Brioch,2025-11-21,0,0.0,0
Egg Bacon Brioch,2025-11-22,0,0.0,0
Egg Bacon Brioch,2025-11-23,0,0.0,0
Egg Bacon Brioch,2025-11-24,0,0.0,0
Egg Bacon Brioch,2025-11-25,0,0.0,0
Egg Bacon Brioch,2025-11-26,0,0.0,0
Egg Bacon Brioch,2025-11-27,0,9.679410463466182e-05,0
Egg Bacon Brioch,2025-11-28,0,0.0,0
Egg Bacon Brioch,2025-11-29,0,0.0,0
Egg Bacon Brioch,2025-11-30,0,0.0,0
Egg Bap,2025-11-01,1,1.3144983610845622,0
Egg Bap,2025-11-02,0,0.03469035249890147,0
Egg Bap,2025-11-03,3,0.3743141420677826,0
Egg Bap,2025-11-04,1,0.8206144309705773,0
Egg Bap,2025-11-05,1,1.1616712233992272,0
Egg Bap,2025-11-06,3,0.7714896244698192,0
Egg Bap,2025-11-07,2,0.7925804891650401,0
Egg Bap,2025-11-08,1,1.2357205425053932,0
Egg Bap,2025-11-09,1,1.8489546059850814,0
Egg Bap,2025-11-10,1,0.6432092354437043,0
Egg Bap,2025-11-11,2,1.2666273666777377,0
Egg Bap,2025-11-12,0,1.5503211375979036,0
Egg Bap,2025-11-13,4,0.26681723945936114,0
Egg Bap,2025-11-14,0,0.9739649529746703,0
Egg Bap,2025-11-15,6,0.8456078606759301,0
Egg Bap,2025-11-16,2,0.3557603419930019,0
Egg Bap,2025-11-17,1,0.23446905852074856,0
Egg Bap,2025-11-18,0,0.8600744358653677,0
Egg Bap,2025-11-19,0,1.4087620517236246,0
Egg Bap,2025-11-20,4,1.5367345911768666,0
Egg Bap,2025-11-21,2,1.164895680015805,0
Egg Bap,2025-11-22,5,1.5996301897901133,0
Egg Bap,2025-11-23,0,1.527554059856954,0
Egg Bap,2025-11-24,1,0.6333443719919781,0
Egg Bap,2025-11-25,0,1.2259062674184764,0
Egg Bap,2025-11-26,2,1.0869674144856822,0
Egg Bap,2025-11-27,2,2.5171728762610064,0
Egg Bap,2025-11-28,1,0.006289885541607203,0
Egg Bap,2025-11-29,3,0.8730374060796172,0
Egg Bap,2025-11-30,1,0.4390645528380628,0
Extra Beans,2025-11-01,0,0.007621165434690857,3
Extra Beans,2025-11-02,0,0.07404453641004895,3
Extra Beans,2025-11-03,0,0.012959911893219567,3
Extra Beans,2025-11-04,0,0.009737862344346246,3
Extra Beans,2025-11-05,0,0.0031560268186423004,3
Extra Beans,2025-11-06,0,0.011233021229804374,3
Extra Beans,2025-11-07,0,0.007239114222851253,3
Extra Beans,2025-11-08,0,0.010863746710667383,3
Extra Beans,2025-11-09,0,0.18491486965525217,3
Extra Beans,2025-11-10,0,0.007699248396317636,3
Extra Beans,2025-11-11,0,0.00832637441603034,3
Extra Beans,2025-11-12,0,0.014686367123516527,3
Extra Beans,2025-11-13,0,0.01231384475785702,3
Extra Beans,2025-11-14,0,0.01425893511875849,3
Extra Beans,2025-11-15,0,0.013211772488468705,3
Extra Beans,2025-11-16,0,0.1180124654795006,3
Extra Beans,2025-11-17,0,0.026555562654994116,3
Extra Beans,2025-11-18,0,0.015829976386589683,3
Extra Beans,2025-11-19,0,0.018223220672056166,3
Extra Beans,2025-11-20,0,0.016309400391598776,3
Extra Beans,2025-11-21,0,0.02148633384222328,3
Extra Beans,2025-11-22,0,0.022015112378211656,3
Extra Beans,2025-11-23,0,0.29720781899831267,3
Extra Beans,2025-11-24,0,0.027557450172963193,3
Extra Beans,2025-11-25,0,0.026909523825074496,3
Extra Beans,2025-11-26,0,0.06069725589780984,3
Extra Beans,2025-11-27,0,0.3897181269827384,3
Extra Beans,2025-11-28,0,0.06193850493440012,3
Extra Beans,2025-11-29,0,0.01882309366770523,3
Extra Beans,2025-11-30,0,0.1020456544520366,3
F.Eggs on Toast,2025-11-01,2,2.507628472591422,0
F.Eggs on Toast,2025-11-02,3,1.7575220860919099,0
F.Eggs on Toast,2025-11-03,1,1.8055255985572705,0
F.Eggs on Toast,2025-11-04,0,1.8580270795486737,0
F.Eggs on Toast,2025-11-05,1,2.0211975308543195,0
F.Eggs on Toast,2025-11-06,0,2.1800015959051877,0
F.Eggs on Toast,2025-11-07,0,2.238822581701397,0
F.Eggs on Toast,2025-11-08,1,2.865728191574528,0
F.Eggs on Toast,2025-11-09,4,2.0508622768552702,0
F.Eggs on Toast,2025-11-10,0,1.8550923033030706,0
F.Eggs on Toast,2025-11-11,0,1.9276324981124702,0
F.Eggs on Toast,2025-11-12,2,2.2018008982654456,0
F.Eggs on Toast,2025-11-13,2,2.147875436822212,0
F.Eggs on Toast,2025-11-14,2,2.301590303984303,0
F.Eggs on Toast,2025-11-15,6,2.722729924146283,0
F.Eggs on Toast,2025-11-16,0,1.9354918781327521,0
F.Eggs on Toast,2025-11-17,1,1.7198382102067042,0
F.Eggs on Toast,2025-11-18,1,1.8335889420048617,0
F.Eggs on Toast,2025-11-19,2,2.7756200209123016,0
F.Eggs on Toast,2025-11-20,1,3.9893916100593154,0
F.Eggs on Toast,2025-11-21,3,2.243390801335542,0
F.Eggs on Toast,2025-11-22,3,2.565470579462211,0
F.Eggs on Toast,2025-11-23,2,1.7858019789523967,0
F.Eggs on Toast,2025-11-24,2,1.6021005282629153,0
F.Eggs on Toast,2025-11-25,1,1.6015177642318075,0
F.Eggs on Toast,2025-11-26,3,1.8091281202987612,0
F.Eggs on Toast,2025-11-27,2,1.9608539494585198,0
F.Eggs on Toast,2025-11-28,4,1.8837708638888633,0
F.Eggs on Toast,2025-11-29,1,2.236863708654417,0
F.Eggs on Toast,2025-11-30,0,1.5736678961317427,0
Festive Stack,2025-11-01,0,0.0,2
Festive Stack,2025-11-02,0,0.0,2
Festive Stack,2025-11-03,0,0.0,2
Festive Stack,2025-11-04,0,0.0,2
Festive Stack,2025-11-05,0,0.0,2
Festive Stack,2025-11-06,0,0.0,2
Festive Stack,2025-11-07,0,0.0,2
Festive Stack,2025-11-08,0,0.0,2
Festive Stack,2025-11-09,0,0.0,2
Festive Stack,2025-11-10,0,0.0,2
Festive Stack,2025-11-11,0,0.0,2
Festive Stack,2025-11-12,7,0.0,2
Festive Stack,2025-11-13,5,0.0,2
Festive Stack,2025-11-14,8,0.0,2
Festive Stack,2025-11-15,6,0.0,2
Festive Stack,2025-11-16,7,0.0,2
Festive Stack,2025-11-17,3,0.0,2
Festive Stack,2025-11-18,3,0.0,2
Festive Stack,2025-11-19,2,0.0,2
Festive Stack,2025-11-20,1,0.0,2
Festive Stack,2025-11-21,3,0.0,2
Festive Stack,2025-11-22,3,0.0,2
Festive Stack,2025-11-23,4,0.0,2
Festive Stack,2025-11-24,4,0.0,2
Festive Stack,2025-11-25,1,0.0,2
Festive Stack,2025-11-26,2,0.0,2
Festive Stack,2025-11-27,8,0.0,2
Festive Stack,2025-11-28,3,0.0,2
Festive Stack,2025-11-29,6,0.0,2
Festive Stack,2025-11-30,3,0.0,2
Fried Egg,2025-11-01,10,9.6363820018204,0
Fried Egg,2025-11-02,11,7.83118813710894,0
Fried Egg,2025-11-03,3,5.853903106608922,0
Fried Egg,2025-11-04,6,6.025757279347153,0
Fried Egg,2025-11-05,4,6.319771752109573,0
Fried Egg,2025-11-06,3,8.261654447677552,0
Fried Egg,2025-11-07,11,7.902661177174787,0
Fried Egg,2025-11-08,12,9.868347668151138,0
Fried Egg,2025-11-09,7,8.682569856390167,0
Fried Egg,2025-11-10,2,5.885789002192324,0
Fried Egg,2025-11-11,11,6.203338106476343,0
Fried Egg,2025-11-12,9,6.718553857087857,0
Fried Egg,2025-11-13,9,8.28120725442166,0
Fried Egg,2025-11-14,14,8.178767674796195,0
Fried Egg,2025-11-15,11,9.73888060881071,0
Fried Egg,2025-11-16,15,8.370000326191711,0
Fried Egg,2025-11-17,13,6.009538379876433,0
Fried Egg,2025-11-18,8,6.232797009053645,0
Fried Egg,2025-11-19,2,7.023735168106152,0
Fried Egg,2025-11-20,11,9.37845816790484,0
Fried Egg,2025-11-21,9,8.471476736427999,0
Fried Egg,2025-11-22,10,10.152914129023866,0
Fried Egg,2025-11-23,14,9.020065561100385,0
Fried Egg,2025-11-24,11,6.358399045478961,0
Fried Egg,2025-11-25,3,6.6417350857395885,0
Fried Egg,2025-11-26,3,7.108074957442809,0
Fried Egg,2025-11-27,5,10.460632288351277,0
Fried Egg,2025-11-28,9,8.642150736730173,0
Fried Egg,2025-11-29,5,10.340888712772973,0
Fried Egg,2025-11-30,18,8.412501825734626,0
Hash Brown,2025-11-01,4,4.885026273901334,0
Hash Brown,2025-11-02,5,3.5502696402690197,0
Hash Brown,2025-11-03,3,2.081487772990041,0
Hash Brown,2025-11-04,4,1.9076404436142604,0
Hash Brown,2025-11-05,2,1.6001750187868118,0
Hash Brown,2025-11-06,2,1.9787092192802327,0
Hash Brown,2025-11-07,5,2.15978543665334,0
Hash Brown,2025-11-08,3,5.113577176514888,0
Hash Brown,2025-11-09,5,3.6144886173606032,0
Hash Brown,2025-11-10,0,2.1753362343343743,0
Hash Brown,2025-11-11,4,1.8368375077415757,0
Hash Brown,2025-11-12,4,1.674189887926372,0
Hash Brown,2025-11-13,5,1.9427806775414171,0
Hash Brown,2025-11-14,2,2.0926904218355245,0
Hash Brown,2025-11-15,3,4.992119672221505,0
Hash Brown,2025-11-16,3,3.712621036280786,0
Hash Brown,2025-11-17,4,1.91848096617787,0
Hash Brown,2025-11-18,0,1.9179129076214487,0
Hash Brown,2025-11-19,2,2.2672660768487076,0
Hash Brown,2025-11-20,2,3.4074412774693412,0
Hash Brown,2025-11-21,5,2.2861821742615556,0
Hash Brown,2025-11-22,2,5.040714906318534,0
Hash Brown,2025-11-23,2,4.0455596723561875,0
Hash Brown,2025-11-24,8,2.6284192930859076,0
Hash Brown,2025-11-25,4,2.024904958373105,0
Hash Brown,2025-11-26,0,1.930629518744928,0
Hash Brown,2025-11-27,0,2.6350311080123916,0
Hash Brown,2025-11-28,0,2.9233883220682864,0
Hash Brown,2025-11-29,3,5.39049847340413,0
Hash Brown,2025-11-30,2,4.1374207362227695,0
Hash Brown Bites,2025-11-01,0,0.0,3
Hash Brown Bites,2025-11-02,0,0.0,3
Hash Brown Bites,2025-11-03,0,0.0,3
Hash Brown Bites,2025-11-04,0,0.0,3
Hash Brown Bites,2025-11-05,0,0.0,3
Hash Brown Bites,2025-11-06,0,0.0,3
Hash Brown Bites,2025-11-07,0,0.0,3
Hash Brown Bites,2025-11-08,0,0.0,3
Hash Brown Bites,2025-11-09,0,0.0,3
Hash Brown Bites,2025-11-10,0,0.0,3
Hash Brown Bites,2025-11-11,0,0.00778861642193664,3
Hash Brown Bites,2025-11-12,0,0.006291704501676765,3
Hash Brown Bites,2025-11-13,0,0.0,3
Hash Brown Bites,2025-11-14,0,0.0,3
Hash Brown Bites,2025-11-15,0,0.005398157830696678,3
Hash Brown Bites,2025-11-16,0,0.010268589534825477,3
Hash Brown Bites,2025-11-17,0,0.013080946195315163,3
Hash Brown Bites,2025-11-18,0,0.05151692795748866,3
Hash Brown Bites,2025-11-19,0,0.03326662600882696,3
Hash Brown Bites,2025-11-20,0,0.0022305189120402405,3
Hash Brown Bites,2025-11-21,0,0.008076215767716829,3
Hash Brown Bites,2025-11-22,0,0.0,3
Hash Brown Bites,2025-11-23,0,0.0007568628345895722,3
Hash Brown Bites,2025-11-24,0,0.026641293322803707,3
Hash Brown Bites,2025-11-25,0,0.030680111463887418,3
Hash Brown Bites,2025-11-26,0,0.03179821913383359,3
Hash Brown Bites,2025-11-27,0,0.0,3
Hash Brown Bites,2025-11-28,0,0.00431645975669554,3
Hash Brown Bites,2025-11-29,0,0.0,3
Hash Brown Bites,2025-11-30,0,0.002807080973690984,3
Little Avo Toast,2025-11-01,0,0.0,0
Little Avo Toast,2025-11-02,0,0.0,0
Little Avo Toast,2025-11-03,0,0.0008271271034489121,0
Little Avo Toast,2025-11-04,0,0.0001918458606440621,0
Little Avo Toast,2025-11-05,0,9.307797270420569e-05,0
Little Avo Toast,2025-11-06,0,0.0,0
Little Avo Toast,2025-11-07,0,0.00041758930386521544,0
Little Avo Toast,2025-11-08,0,0.0,0
Little Avo Toast,2025-11-09,0,0.0,0
Little Avo Toast,2025-11-10,0,1.247197672967307e-05,0
Little Avo Toast,2025-11-11,0,0.0005473047798859514,0
Little Avo Toast,2025-11-12,0,7.501472206137915e-05,0
Little Avo Toast,2025-11-13,0,0.0,0
Little Avo Toast,2025-11-14,0,0.0011927030712553604,0
Little Avo Toast,2025-11-15,0,0.0,0
Little Avo Toast,2025-11-16,0,0.0,0
Little Avo Toast,2025-11-17,0,0.001226761300127902,0
Little Avo Toast,2025-11-18,0,0.0012799232718162152,0
Little Avo Toast,2025-11-19,0,0.0,0
Little Avo Toast,2025-11-20,0,0.0,0
Little Avo Toast,2025-11-21,0,0.0016291852214812903,0
Little Avo Toast,2025-11-22,0,0.0,0
Little Avo Toast,2025-11-23,0,0.0,0
Little Avo Toast,2025-11-24,0,0.0033871156132145057,0
Little Avo Toast,2025-11-25,0,0.0013707264158122291,0
Little Avo Toast,2025-11-26,0,0.0021506100426742433,0
Little Avo Toast,2025-11-27,0,0.0038786205710285336,0
Little Avo Toast,2025-11-28,0,0.006435036976940705,0
Little Avo Toast,2025-11-29,0,0.0002706787762887026,0
Little Avo Toast,2025-11-30,0,0.0,0
Little Bean Toas,2025-11-01,0,0.0,0
Little Bean Toas,2025-11-02,0,0.0,0
Little Bean Toas,2025-11-03,0,0.0,0
Little Bean Toas,2025-11-04,0,0.012780226120221535,0
Little Bean Toas,2025-11-05,0,0.0,0
Little Bean Toas,2025-11-06,0,0.005671685078605933,0
Little Bean Toas,2025-11-07,0,0.0,0
Little Bean Toas,2025-11-08,0,0.0,0
Little Bean Toas,2025-11-09,0,0.0,0
Little Bean Toas,2025-11-10,0,4.681752688717836e-05,0
Little Bean Toas,2025-11-11,0,0.019674463307909926,0
Little Bean Toas,2025-11-12,0,0.008566030534827523,0
Little Bean Toas,2025-11-13,0,0.028127036617911175,0
Little Bean Toas,2025-11-14,0,0.000685221291584761,0
Little Bean Toas,2025-11-15,0,0.0,0
Little Bean Toas,2025-11-16,0,0.0,0
Little Bean Toas,2025-11-17,0,0.011926123679488601,0
Little Bean Toas,2025-11-18,0,0.03284406411300571,0
Little Bean Toas,2025-11-19,0,0.005324667315463663,0
Little Bean Toas,2025-11-20,0,0.057781441251693294,0
Little Bean Toas,2025-11-21,0,0.001914530993890344,0
Little Bean Toas,2025-11-22,0,0.0,0
Little Bean Toas,2025-11-23,0,0.0,0
Little Bean Toas,2025-11-24,0,0.0,0
Little Bean Toas,2025-11-25,0,0.004976016109449887,0
Little Bean Toas,2025-11-26,0,0.0,0
Little Bean Toas,2025-11-27,0,0.0,0
Little Bean Toas,2025-11-28,0,0.0,0
Little Bean Toas,2025-11-29,0,0.0,0
Little Bean Toas,2025-11-30,0,0.0,0
Little Egg Toast,2025-11-01,0,0.0,0
Little Egg Toast,2025-11-02,0,0.0,0
Little Egg Toast,2025-11-03,0,0.0,0
Little Egg Toast,2025-11-04,0,0.011138023239427048,0
Little Egg Toast,2025-11-05,0,0.00127044640477238,0
Little Egg Toast,2025-11-06,0,0.0013395498536444396,0
Little Egg Toast,2025-11-07,0,0.0,0
Little Egg Toast,2025-11-08,0,0.0,0
Little Egg Toast,2025-11-09,0,0.0,0
Little Egg Toast,2025-11-10,0,0.0,0
Little Egg Toast,2025-11-11,0,0.010776729707033651,0
Little Egg Toast,2025-11-12,0,0.009420824824046489,0
Little Egg Toast,2025-11-13,0,0.00970862152706278,0
Little Egg Toast,2025-11-14,0,0.0,0
Little Egg Toast,2025-11-15,0,0.0,0
Little Egg Toast,2025-11-16,0,0.000275938492327068,0
Little Egg Toast,2025-11-17,0,0.0015957908681384094,0
Little Egg Toast,2025-11-18,0,0.022018260715485904,0
Little Egg Toast,2025-11-19,0,0.03230151295641708,0
Little Egg Toast,2025-11-20,0,0.05242270022644131,0
Little Egg Toast,2025-11-21,0,0.0008189862834315294,0
Little Egg Toast,2025-11-22,0,0.0,0
Little Egg Toast,2025-11-23,0,0.0,0
Little Egg Toast,2025-11-24,0,0.0,0
Little Egg Toast,2025-11-25,0,0.05362611760051848,0
Little Egg Toast,2025-11-26,0,0.00448804557551445,0
Little Egg Toast,2025-11-27,0,0.0,0
Little Egg Toast,2025-11-28,0,0.0,0
Little Egg Toast,2025-11-29,0,0.0,0
Little Egg Toast,2025-11-30,0,0.0,0
Ltle Bfast Bacon,2025-11-01,3,2.9289400556812697,0
Ltle Bfast Bacon,2025-11-02,3,1.283786663748997,0
Ltle Bfast Bacon,2025-11-03,0,1.6189174813938547,0
Ltle Bfast Bacon,2025-11-04,0,0.9897005513967997,0
Ltle Bfast Bacon,2025-11-05,0,1.7701829086036591,0
Ltle Bfast Bacon,2025-11-06,0,0.8433789824786684,0
Ltle Bfast Bacon,2025-11-07,0,1.656944696788333,0
Ltle Bfast Bacon,2025-11-08,1,3.0434833563622563,0
Ltle Bfast Bacon,2025-11-09,1,2.164327651595356,0
Ltle Bfast Bacon,2025-11-10,0,1.2941541059918384,0
Ltle Bfast Bacon,2025-11-11,0,0.9503050648867148,0
Ltle Bfast Bacon,2025-11-12,2,1.8104924620234062,0
Ltle Bfast Bacon,2025-11-13,0,0.7767585271473586,0
Ltle Bfast Bacon,2025-11-14,0,1.784012852041672,0
Ltle Bfast Bacon,2025-11-15,2,2.9584938030532437,0
Ltle Bfast Bacon,2025-11-16,1,1.3038514354932413,0
Ltle Bfast Bacon,2025-11-17,0,1.4773499733972095,0
Ltle Bfast Bacon,2025-11-18,0,1.1040293871381002,0
Ltle Bfast Bacon,2025-11-19,0,2.1725676949274986,0
Ltle Bfast Bacon,2025-11-20,1,1.8477340312993054,0
Ltle Bfast Bacon,2025-11-21,0,2.3802106572594885,0
Ltle Bfast Bacon,2025-11-22,0,3.025510873910293,0
Ltle Bfast Bacon,2025-11-23,0,2.3614891823125728,0
Ltle Bfast Bacon,2025-11-24,1,1.6367226867884335,0
Ltle Bfast Bacon,2025-11-25,0,1.0134663030957591,0
Ltle Bfast Bacon,2025-11-26,0,1.9666229185400221,0
Ltle Bfast Bacon,2025-11-27,0,1.0340686464768496,0
Ltle Bfast Bacon,2025-11-28,0,1.7712618912292966,0
Ltle Bfast Bacon,2025-11-29,1,3.221169855047165,0
Ltle Bfast Bacon,2025-11-30,0,1.1855502992102787,0
Ltle Bfast Saus,2025-11-01,4,3.9765228536982646,0
Ltle Bfast Saus,2025-11-02,2,2.9908364833796695,0
Ltle Bfast Saus,2025-11-03,1,3.2192869471028964,0
Ltle Bfast Saus,2025-11-04,0,3.001337451162206,0
Ltle Bfast Saus,2025-11-05,0,2.509599540641564,0
Ltle Bfast Saus,2025-11-06,1,1.7395365783088172,0
Ltle Bfast Saus,2025-11-07,4,4.07768592005861,0
Ltle Bfast Saus,2025-11-08,0,2.8329336375385092,0
Ltle Bfast Saus,2025-11-09,4,4.520634247158463,0
Ltle Bfast Saus,2025-11-10,2,2.9336445974203507,0
Ltle Bfast Saus,2025-11-11,0,4.024167208742748,0
Ltle Bfast Saus,2025-11-12,1,2.0836005940069944,0
Ltle Bfast Saus,2025-11-13,1,1.8225470096207181,0
Ltle Bfast Saus,2025-11-14,3,5.280234929039128,0
Ltle Bfast Saus,2025-11-15,2,2.2461518486486387,0
Ltle Bfast Saus,2025-11-16,2,3.0867658816633536,0
Ltle Bfast Saus,2025-11-17,2,4.161674095124271,0
Ltle Bfast Saus,2025-11-18,0,4.51702229538211,0
Ltle Bfast Saus,2025-11-19,0,3.9092101880757424,0
Ltle Bfast Saus,2025-11-20,1,4.2430635729404695,0
Ltle Bfast Saus,2025-11-21,0,6.5639940398351335,0
Ltle Bfast Saus,2025-11-22,1,4.0712882532155685,0
Ltle Bfast Saus,2025-11-23,4,5.27547310310915,0
Ltle Bfast Saus,2025-11-24,4,5.088950744070804,0
Ltle Bfast Saus,2025-11-25,1,4.285507537288598,0
Ltle Bfast Saus,2025-11-26,0,3.4224225638195107,0
Ltle Bfast Saus,2025-11-27,3,3.0974402567637784,0
Ltle Bfast Saus,2025-11-28,3,4.4863702666152605,0
Ltle Bfast Saus,2025-11-29,5,3.9505967553838697,0
Ltle Bfast Saus,2025-11-30,5,4.214909257078253,0
Mini Hash Browns,2025-11-01,5,2.0272981437828443,3
Mini Hash Browns,2025-11-02,2,1.797484183122341,3
Mini Hash Browns,2025-11-03,2,1.5893446285025663,3
Mini Hash Browns,2025-11-04,0,0.9650371430082683,3
Mini Hash Browns,2025-11-05,2,1.1574873226537348,3
Mini Hash Browns,2025-11-06,3,1.623279619480725,3
Mini Hash Browns,2025-11-07,0,1.4512864052340986,3
Mini Hash Browns,2025-11-08,2,2.1098314671464213,3
Mini Hash Browns,2025-11-09,2,1.9039795226781664,3
Mini Hash Browns,2025-11-10,1,1.6829873848413837,3
Mini Hash Browns,2025-11-11,1,1.007422998382602,3
Mini Hash Browns,2025-11-12,1,1.0610734812434335,3
Mini Hash Browns,2025-11-13,3,1.2942284809606346,3
Mini Hash Browns,2025-11-14,1,1.1845495309338445,3
Mini Hash Browns,2025-11-15,3,1.8554791453368584,3
Mini Hash Browns,2025-11-16,3,1.7634230909769564,3
Mini Hash Browns,2025-11-17,0,1.3769653335473961,3
Mini Hash Browns,2025-11-18,1,0.9493947964643307,3
Mini Hash Browns,2025-11-19,2,0.9943068062724167,3
Mini Hash Browns,2025-11-20,3,1.3255631337240188,3
Mini Hash Browns,2025-11-21,1,1.05739387386012,3
Mini Hash Browns,2025-11-22,5,1.9819020904934517,3
Mini Hash Browns,2025-11-23,1,1.9516276652931517,3
Mini Hash Browns,2025-11-24,2,1.7486130760253618,3
Mini Hash Browns,2025-11-25,2,1.0936993224254459,3
Mini Hash Browns,2025-11-26,1,1.218312666272069,3
Mini Hash Browns,2025-11-27,1,1.6853630377595805,3
Mini Hash Browns,2025-11-28,1,1.3387498170291336,3
Mini Hash Browns,2025-11-29,1,2.4420963269190885,3
Mini Hash Browns,2025-11-30,2,2.32460171231739,3
Multiseed Toast Bread,2025-11-01,0,4.655980032382825,0
Multiseed Toast Bread,2025-11-02,5,2.0979064470718303,0
Multiseed Toast Bread,2025-11-03,11,3.007613545851621,0
Multiseed Toast Bread,2025-11-04,1,2.481109872009883,0
Multiseed Toast Bread,2025-11-05,2,2.2886307148620424,0
Multiseed Toast Bread,2025-11-06,5,4.518404955391509,0
Multiseed Toast Bread,2025-11-07,0,2.2672873005233667,0
Multiseed Toast Bread,2025-11-08,2,4.455408792597188,0
Multiseed Toast Bread,2025-11-09,6,1.8260818588402168,0
Multiseed Toast Bread,2025-11-10,3,2.380647853623829,0
Multiseed Toast Bread,2025-11-11,1,1.9955686131505934,0
Multiseed Toast Bread,2025-11-12,4,2.0197814058977714,0
Multiseed Toast Bread,2025-11-13,4,4.00265187689947,0
Multiseed Toast Bread,2025-11-14,1,1.817088824309582,0
Multiseed Toast Bread,2025-11-15,4,4.034861637440321,0
Multiseed Toast Bread,2025-11-16,4,1.7756937215044577,0
Multiseed Toast Bread,2025-11-17,0,1.9410851656688155,0
Multiseed Toast Bread,2025-11-18,1,1.8273087526517178,0
Multiseed Toast Bread,2025-11-19,4,0.9736737647761178,0
Multiseed Toast Bread,2025-11-20,2,2.125589146213312,0
Multiseed Toast Bread,2025-11-21,4,1.4446205130125505,0
Multiseed Toast Bread,2025-11-22,5,3.670330125220032,0
Multiseed Toast Bread,2025-11-23,1,1.8083853062391175,0
Multiseed Toast Bread,2025-11-24,3,2.2357290942274988,0
Multiseed Toast Bread,2025-11-25,2,1.999141900489031,0
Multiseed Toast Bread,2025-11-26,1,2.008598138647131,0
Multiseed Toast Bread,2025-11-27,4,4.64065961507211,0
Multiseed Toast Bread,2025-11-28,1,2.5676259963898103,0
Multiseed Toast Bread,2025-11-29,1,4.3353104105466675,0
Multiseed Toast Bread,2025-11-30,2,1.659713688149336,0
P.Eggs on Toast,2025-11-01,3,8.624083540240735,0
P.Eggs on Toast,2025-11-02,4,7.229517403588419,0
P.Eggs on Toast,2025-11-03,9,6.685706162942277,0
P.Eggs on Toast,2025-11-04,5,6.192503612456957,0
P.Eggs on Toast,2025-11-05,3,6.490351184213795,0
P.Eggs on Toast,2025-11-06,8,11.590574689016801,0
P.Eggs on Toast,2025-11-07,3,7.823719625751507,0
P.Eggs on Toast,2025-11-08,6,8.176786020631113,0
P.Eggs on Toast,2025-11-09,7,7.077648602313477,0
P.Eggs on Toast,2025-11-10,7,6.083061571868806,0
P.Eggs on Toast,2025-11-11,6,5.61870161561777,0
P.Eggs on Toast,2025-11-12,6,5.739548479280797,0
P.Eggs on Toast,2025-11-13,8,10.328120061507356,0
P.Eggs on Toast,2025-11-14,7,6.601342364082067,0
P.Eggs on Toast,2025-11-15,4,7.232039199357375,0
P.Eggs on Toast,2025-11-16,10,6.261770133120839,0
P.Eggs on Toast,2025-11-17,6,5.317824067940437,0
P.Eggs on Toast,2025-11-18,5,5.030759252489982,0
P.Eggs on Toast,2025-11-19,3,4.124885709252339,0
P.Eggs on Toast,2025-11-20,5,8.609264454491708,0
P.Eggs on Toast,2025-11-21,8,6.419563487506533,0
P.Eggs on Toast,2025-11-22,4,7.2407547724584465,0
P.Eggs on Toast,2025-11-23,4,6.5442601971193595,0
P.Eggs on Toast,2025-11-24,5,5.67367952710005,0
P.Eggs on Toast,2025-11-25,3,5.4098865102699945,0
P.Eggs on Toast,2025-11-26,5,5.314197367354875,0
P.Eggs on Toast,2025-11-27,4,11.412595908637382,0
P.Eggs on Toast,2025-11-28,5,6.866486046778356,0
P.Eggs on Toast,2025-11-29,7,7.592528175470515,0
P.Eggs on Toast,2025-11-30,5,6.31859443506444,0
Poached Egg,2025-11-01,7,3.2197132618004076,0
Poached Egg,2025-11-02,5,4.554001636470714,0
Poached Egg,2025-11-03,0,1.8866611203026307,0
Poached Egg,2025-11-04,1,1.6161286258440204,0
Poached Egg,2025-11-05,4,1.7573143735341403,0
Poached Egg,2025-11-06,6,3.6407908654784498,0
Poached Egg,2025-11-07,3,2.2302491226570447,0
Poached Egg,2025-11-08,7,2.6062659689276018,0
Poached Egg,2025-11-09,11,3.8492720324094623,0
Poached Egg,2025-11-10,0,1.8838973098193421,0
Poached Egg,2025-11-11,2,1.6161002535925952,0
Poached Egg,2025-11-12,1,1.5749330581107563,0
Poached Egg,2025-11-13,3,3.7537867839040504,0
Poached Egg,2025-11-14,2,2.2730819512022773,0
Poached Egg,2025-11-15,1,2.763300206387069,0
Poached Egg,2025-11-16,2,4.153125962955441,0
Poached Egg,2025-11-17,2,2.016823236331329,0
Poached Egg,2025-11-18,0,1.480680945215928,0
Poached Egg,2025-11-19,1,1.4952202643213588,0
Poached Egg,2025-11-20,5,3.1138030275552544,0
Poached Egg,2025-11-21,6,2.15958549132359,0
Poached Egg,2025-11-22,2,2.4671528146483004,0
Poached Egg,2025-11-23,2,3.457933174735659,0
Poached Egg,2025-11-24,5,1.600747086379533,0
Poached Egg,2025-11-25,2,1.3774947400230473,0
Poached Egg,2025-11-26,6,1.4561063803424323,0
Poached Egg,2025-11-27,3,2.6037445558867627,0
Poached Egg,2025-11-28,0,1.7923243244402531,0
Poached Egg,2025-11-29,1,2.8035167033081025,0
Poached Egg,2025-11-30,3,3.326066939941481,0
Porridge,2025-11-01,0,1.3096927887671426,0
Porridge,2025-11-02,1,1.8808914141484465,0
Porridge,2025-11-03,0,0.9701497000486703,0
Porridge,2025-11-04,0,1.212011974728648,0
Porridge,2025-11-05,0,1.338131630899547,0
Porridge,2025-11-06,1,1.271450594252165,0
Porridge,2025-11-07,0,1.272920791204827,0
Porridge,2025-11-08,0,1.411534913814306,0
Porridge,2025-11-09,1,1.96992291620055,0
Porridge,2025-11-10,0,0.9102793817793021,0
Porridge,2025-11-11,0,1.1568256776346968,0
Porridge,2025-11-12,0,1.2604962816691956,0
Porridge,2025-11-13,0,1.005179305577817,0
Porridge,2025-11-14,1,1.1052560033919465,0
Porridge,2025-11-15,1,1.0130394028714442,0
Porridge,2025-11-16,1,1.7198533068193782,0
Porridge,2025-11-17,0,0.6592487539055683,0
Porridge,2025-11-18,0,0.8677344271849997,0
Porridge,2025-11-19,0,1.2704542257573055,0
Porridge,2025-11-20,0,1.4235967484733245,0
Porridge,2025-11-21,1,1.1072072998191411,0
Porridge,2025-11-22,1,0.8678128753143701,0
Porridge,2025-11-23,1,1.5035920984192765,0
Porridge,2025-11-24,0,0.4471401219122597,0
Porridge,2025-11-25,0,0.8217245167845677,0
Porridge,2025-11-26,1,0.9533172969658642,0
Porridge,2025-11-27,1,0.44347517185076674,0
Porridge,2025-11-28,0,0.6831839309273227,0
Porridge,2025-11-29,0,1.1464691491479002,0
Porridge,2025-11-30,0,0.9561041829118534,0
Posh Beans,2025-11-01,1,1.477206781740793,0
Posh Beans,2025-11-02,0,1.007466984492443,0
Posh Beans,2025-11-03,1,0.6697576502826823,0
Posh Beans,2025-11-04,2,0.7039797380129063,0
Posh Beans,2025-11-05,1,0.8746873168971313,0
Posh Beans,2025-11-06,1,0.9046206232631264,0
Posh Beans,2025-11-07,3,0.8223686119491468,0
Posh Beans,2025-11-08,2,1.4064857670001527,0
Posh Beans,2025-11-09,0,1.2079337373775252,0
Posh Beans,2025-11-10,2,0.5944923636833647,0
Posh Beans,2025-11-11,0,0.6881292081251743,0
Posh Beans,2025-11-12,1,0.8221489186457699,0
Posh Beans,2025-11-13,3,0.8202071429841568,0
Posh Beans,2025-11-14,1,0.8014035933700633,0
Posh Beans,2025-11-15,0,1.2288715227126776,0
Posh Beans,2025-11-16,2,0.9520511464033928,0
Posh Beans,2025-11-17,0,0.557820895047936,0
Posh Beans,2025-11-18,0,0.7313491569330304,0
Posh Beans,2025-11-19,4,0.6376710780039054,0
Posh Beans,2025-11-20,1,0.7223350975802209,0
Posh Beans,2025-11-21,2,0.8344254645619711,0
Posh Beans,2025-11-22,1,1.4548109354337326,0
Posh Beans,2025-11-23,0,1.518172997362936,0
Posh Beans,2025-11-24,1,0.9233719756812897,0
Posh Beans,2025-11-25,0,0.7868834651236754,0
Posh Beans,2025-11-26,2,1.0589079884809185,0
Posh Beans,2025-11-27,0,1.5207017883742124,0
Posh Beans,2025-11-28,0,1.1569115333742899,0
Posh Beans,2025-11-29,0,1.5392543365140332,0
Posh Beans,2025-11-30,2,1.1894994980250737,0
Roll & Butter ,2025-11-01,2,3.138073653961877,0
Roll & Butter ,2025-11-02,4,2.6650778512619664,0
Roll & Butter ,2025-11-03,2,2.045244980085788,0
Roll & Butter ,2025-11-04,2,2.0653100213030675,0
Roll & Butter ,2025-11-05,1,2.4503957642553376,0
Roll & Butter ,2025-11-06,1,3.5502774531409553,0
Roll & Butter ,2025-11-07,2,3.355962779477672,0
Roll & Butter ,2025-11-08,2,3.577809090104247,0
Roll & Butter ,2025-11-09,1,2.558273181283459,0
Roll & Butter ,2025-11-10,0,2.327737854548464,0
Roll & Butter ,2025-11-11,4,2.1901341325161416,0
Roll & Butter ,2025-11-12,3,2.550395335573252,0
Roll & Butter ,2025-11-13,1,3.609131588608423,0
Roll & Butter ,2025-11-14,2,3.254701101984522,0
Roll & Butter ,2025-11-15,2,3.593804353340845,0
Roll & Butter ,2025-11-16,1,2.933739957876739,0
Roll & Butter ,2025-11-17,5,2.3118594910378576,0
Roll & Butter ,2025-11-18,9,2.2123633288956093,0
Roll & Butter ,2025-11-19,1,2.5702448226411736,0
Roll & Butter ,2025-11-20,1,3.4315351186577985,0
Roll & Butter ,2025-11-21,1,2.994617958314672,0
Roll & Butter ,2025-11-22,1,3.579104157603233,0
Roll & Butter ,2025-11-23,3,2.474282438559408,0
Roll & Butter ,2025-11-24,2,2.0912197594049773,0
Roll & Butter ,2025-11-25,0,2.101260730819835,0
Roll & Butter ,2025-11-26,1,2.341137278410991,0
Roll & Butter ,2025-11-27,1,3.1651889544207723,0
Roll & Butter ,2025-11-28,1,3.0559229092912856,0
Roll & Butter ,2025-11-29,2,3.3235691358685258,0
Roll & Butter ,2025-11-30,2,2.8816556440029513,0
S.Eggs on Toast,2025-11-01,2,4.705537894533974,0
S.Eggs on Toast,2025-11-02,6,3.258262118823379,0
S.Eggs on Toast,2025-11-03,4,3.2710568732405827,0
S.Eggs on Toast,2025-11-04,5,3.275092988385415,0
S.Eggs on Toast,2025-11-05,4,3.15286779692986,0
S.Eggs on Toast,2025-11-06,6,3.277325884698163,0
S.Eggs on Toast,2025-11-07,4,4.292666726232579,0
S.Eggs on Toast,2025-11-08,1,4.543150016489084,0
S.Eggs on Toast,2025-11-09,5,3.7780937399486696,0
S.Eggs on Toast,2025-11-10,1,3.643070100505228,0
S.Eggs on Toast,2025-11-11,5,3.535433796004014,0
S.Eggs on Toast,2025-11-12,0,3.2012614234298002,0
S.Eggs on Toast,2025-11-13,3,3.676534153094432,0
S.Eggs on Toast,2025-11-14,5,4.637824230975736,0
S.Eggs on Toast,2025-11-15,5,4.932171224923863,0
S.Eggs on Toast,2025-11-16,5,3.468792316514726,0
S.Eggs on Toast,2025-11-17,3,3.7032619114056287,0
S.Eggs on Toast,2025-11-18,2,3.6541081168994443,0
S.Eggs on Toast,2025-11-19,1,2.8230992495879494,0
S.Eggs on Toast,2025-11-20,1,2.6005255234801647,0
S.Eggs on Toast,2025-11-21,1,4.274148072362891,0
S.Eggs on Toast,2025-11-22,10,4.870633554041747,0
S.Eggs on Toast,2025-11-23,5,4.035310624708869,0
S.Eggs on Toast,2025-11-24,1,4.002360972315177,0
S.Eggs on Toast,2025-11-25,1,3.5425792745073506,0
S.Eggs on Toast,2025-11-26,3,3.4948936529621477,0
S.Eggs on Toast,2025-11-27,3,4.115770511120653,0
S.Eggs on Toast,2025-11-28,0,4.728975484940937,0
S.Eggs on Toast,2025-11-29,2,4.954344297012566,0
S.Eggs on Toast,2025-11-30,5,3.4566961492998773,0
Sausage,2025-11-01,15,11.553283791098993,0
Sausage,2025-11-02,5,10.208561008080919,0
Sausage,2025-11-03,6,5.402266496054546,0
Sausage,2025-11-04,3,4.714038616866472,0
Sausage,2025-11-05,4,4.768072323906045,0
Sausage,2025-11-06,3,4.556375863750053,0
Sausage,2025-11-07,12,6.346111481023317,0
Sausage,2025-11-08,12,11.543635747871935,0
Sausage,2025-11-09,13,11.496486708956505,0
Sausage,2025-11-10,4,5.476617989997626,0
Sausage,2025-11-11,4,4.945568605601984,0
Sausage,2025-11-12,2,4.738699597733649,0
Sausage,2025-11-13,11,4.821221020880955,0
Sausage,2025-11-14,1,6.765452450706289,0
Sausage,2025-11-15,8,11.152806465316228,0
Sausage,2025-11-16,14,10.27983342900188,0
Sausage,2025-11-17,5,5.640032111895053,0
Sausage,2025-11-18,0,4.996716939772308,0
Sausage,2025-11-19,3,5.631411068089745,0
Sausage,2025-11-20,7,6.356575031380887,0
Sausage,2025-11-21,5,6.999240369788658,0
Sausage,2025-11-22,11,11.468532483315148,0
Sausage,2025-11-23,6,11.626733092289479,0
Sausage,2025-11-24,6,6.003788828644768,0
Sausage,2025-11-25,3,4.882218509508201,0
Sausage,2025-11-26,5,5.163528672460928,0
Sausage,2025-11-27,6,5.631789607169078,0
Sausage,2025-11-28,5,6.890553644827629,0
Sausage,2025-11-29,5,11.69100960622035,0
Sausage,2025-11-30,18,9.924882708165192,0
Sausage Bap,2025-11-01,22,13.945792552247324,1
Sausage Bap,2025-11-02,17,10.972010340842184,1
Sausage Bap,2025-11-03,11,9.906861374667638,1
Sausage Bap,2025-11-04,14,8.995995239072286,1
Sausage Bap,2025-11-05,4,10.428578259727768,1
Sausage Bap,2025-11-06,8,11.426008506467465,1
Sausage Bap,2025-11-07,7,11.708576730921235,1
Sausage Bap,2025-11-08,22,14.159755376718023,1
Sausage Bap,2025-11-09,13,11.392977772781105,1
Sausage Bap,2025-11-10,6,9.929967919452775,1
Sausage Bap,2025-11-11,7,9.811166676453114,1
Sausage Bap,2025-11-12,8,10.358278168734246,1
Sausage Bap,2025-11-13,7,11.969876142871614,1
Sausage Bap,2025-11-14,15,12.33106538068517,1
Sausage Bap,2025-11-15,18,14.132478539550304,1
Sausage Bap,2025-11-16,14,11.595758705492544,1
Sausage Bap,2025-11-17,12,10.76444821367826,1
Sausage Bap,2025-11-18,12,10.401049529791296,1
Sausage Bap,2025-11-19,7,11.213665929773494,1
Sausage Bap,2025-11-20,14,12.684832152920475,1
Sausage Bap,2025-11-21,14,13.17461408690018,1
Sausage Bap,2025-11-22,12,14.586197638440142,1
Sausage Bap,2025-11-23,17,12.43120674378988,1
Sausage Bap,2025-11-24,15,11.713579644985003,1
Sausage Bap,2025-11-25,11,9.933590787963059,1
Sausage Bap,2025-11-26,14,11.509331822212944,1
Sausage Bap,2025-11-27,14,12.059220300720517,1
Sausage Bap,2025-11-28,10,13.072247077795096,1
Sausage Bap,2025-11-29,16,15.079512721361603,1
Sausage Bap,2025-11-30,12,11.07331845238167,1
Scrambled Egg,2025-11-01,2,1.8242436368996569,0
Scrambled Egg,2025-11-02,2,3.1211877664381356,0
Scrambled Egg,2025-11-03,3,1.1810219955984125,0
Scrambled Egg,2025-11-04,1,1.7844027546508956,0
Scrambled Egg,2025-11-05,2,1.3747030074402709,0
Scrambled Egg,2025-11-06,6,1.4928377711649747,0
Scrambled Egg,2025-11-07,1,2.402221454215604,0
Scrambled Egg,2025-11-08,1,2.2294227387041876,0
Scrambled Egg,2025-11-09,3,3.545528099489456,0
Scrambled Egg,2025-11-10,0,1.6376592590837933,0
Scrambled Egg,2025-11-11,3,2.2509219566943943,0
Scrambled Egg,2025-11-12,0,1.7423207269624978,0
Scrambled Egg,2025-11-13,0,2.1432900469138088,0
Scrambled Egg,2025-11-14,3,3.043604564077266,0
Scrambled Egg,2025-11-15,0,2.688981916318233,0
Scrambled Egg,2025-11-16,2,3.7846257705623123,0
Scrambled Egg,2025-11-17,0,1.7732674045784742,0
Scrambled Egg,2025-11-18,0,2.4522699088973128,0
Scrambled Egg,2025-11-19,0,1.6482001198010865,0
Scrambled Egg,2025-11-20,0,1.6034601733361147,0
Scrambled Egg,2025-11-21,1,2.6546481350551443,0
Scrambled Egg,2025-11-22,0,2.423505682101607,0
Scrambled Egg,2025-11-23,2,3.6426949044013917,0
Scrambled Egg,2025-11-24,0,1.7050471397748166,0
Scrambled Egg,2025-11-25,7,2.0457702491589904,0
Scrambled Egg,2025-11-26,0,1.6966899444901786,0
Scrambled Egg,2025-11-27,1,2.030361253608423,0
Scrambled Egg,2025-11-28,3,2.6924697651792835,0
Scrambled Egg,2025-11-29,1,2.1529400461413353,0
Scrambled Egg,2025-11-30,3,3.4594528837434457,0
Sourdough Toast Bread,2025-11-01,1,1.609293850307809,0
Sourdough Toast Bread,2025-11-02,5,0.7240150434972588,0
Sourdough Toast Bread,2025-11-03,1,0.7316582782153069,0
Sourdough Toast Bread,2025-11-04,1,0.6676578823282838,0
Sourdough Toast Bread,2025-11-05,0,0.7769985550273295,0
Sourdough Toast Bread,2025-11-06,0,0.7215045662437042,0
Sourdough Toast Bread,2025-11-07,1,0.9766921875797465,0
Sourdough Toast Bread,2025-11-08,2,1.701850264364935,0
Sourdough Toast Bread,2025-11-09,1,0.8271213891537939,0
Sourdough Toast Bread,2025-11-10,2,0.8355894672932589,0
Sourdough Toast Bread,2025-11-11,1,0.8375451011764367,0
Sourdough Toast Bread,2025-11-12,0,0.7863358712396784,0
Sourdough Toast Bread,2025-11-13,1,0.7755423841303304,0
Sourdough Toast Bread,2025-11-14,0,1.0581287272782645,0
Sourdough Toast Bread,2025-11-15,1,1.7537432945361018,0
Sourdough Toast Bread,2025-11-16,2,0.8601367752070441,0
Sourdough Toast Bread,2025-11-17,0,0.8522716042822651,0
Sourdough Toast Bread,2025-11-18,2,0.8760855343770959,0
Sourdough Toast Bread,2025-11-19,0,1.0749406981008967,0
Sourdough Toast Bread,2025-11-20,0,1.53086894891102,0
Sourdough Toast Bread,2025-11-21,0,1.3208819144195545,0
Sourdough Toast Bread,2025-11-22,4,1.64396655287663,0
Sourdough Toast Bread,2025-11-23,1,0.8337320923632965,0
Sourdough Toast Bread,2025-11-24,0,0.916379229079592,0
Sourdough Toast Bread,2025-11-25,0,0.6413252163834369,0
Sourdough Toast Bread,2025-11-26,0,0.6795762419033464,0
Sourdough Toast Bread,2025-11-27,1,0.6463288421259941,0
Sourdough Toast Bread,2025-11-28,0,0.7960498044040251,0
Sourdough Toast Bread,2025-11-29,2,1.551064705141045,0
Sourdough Toast Bread,2025-11-30,2,0.778271245756985,0
Streaky Bacon,2025-11-01,0,0.270588890862088,3
Streaky Bacon,2025-11-02,0,0.10500390840599463,3
Streaky Bacon,2025-11-03,0,0.09117918472711538,3
Streaky Bacon,2025-11-04,0,0.1418192014408988,3
Streaky Bacon,2025-11-05,0,0.14276021481425427,3
Streaky Bacon,2025-11-06,1,0.16652493383017214,3
Streaky Bacon,2025-11-07,0,0.14582264566283065,3
Streaky Bacon,2025-11-08,0,0.21523453680788154,3
Streaky Bacon,2025-11-09,0,0.09224396570083943,3
Streaky Bacon,2025-11-10,0,0.12251395138243037,3
Streaky Bacon,2025-11-11,0,0.18901617441765145,3
Streaky Bacon,2025-11-12,0,0.1518679008690181,3
Streaky Bacon,2025-11-13,1,0.2207364181980363,3
Streaky Bacon,2025-11-14,0,0.19175316905011372,3
Streaky Bacon,2025-11-15,0,0.29016454689225446,3
Streaky Bacon,2025-11-16,0,0.14367989207499648,3
Streaky Bacon,2025-11-17,0,0.1286873927650004,3
Streaky Bacon,2025-11-18,0,0.2023021692176649,3
Streaky Bacon,2025-11-19,0,0.24820760616349097,3
Streaky Bacon,2025-11-20,1,0.3391533175534913,3
Streaky Bacon,2025-11-21,0,0.17012441453353502,3
Streaky Bacon,2025-11-22,0,0.24592635041864921,3
Streaky Bacon,2025-11-23,0,0.10620083481932419,3
Streaky Bacon,2025-11-24,0,0.13979661645074876,3
Streaky Bacon,2025-11-25,0,0.16403374590199737,3
Streaky Bacon,2025-11-26,0,0.14092292376158483,3
Streaky Bacon,2025-11-27,1,0.13700817106577978,3
Streaky Bacon,2025-11-28,0,0.1283448305121473,3
Streaky Bacon,2025-11-29,0,0.24216340029201647,3
Streaky Bacon,2025-11-30,0,0.07314895170088559,3
Tattie Scone,2025-11-01,3,3.7464801742325524,0
Tattie Scone,2025-11-02,0,3.4848486557615073,0
Tattie Scone,2025-11-03,5,1.5847889411123197,0
Tattie Scone,2025-11-04,0,1.1695612893297913,0
Tattie Scone,2025-11-05,0,1.571153853106377,0
Tattie Scone,2025-11-06,6,1.4695723853123592,0
Tattie Scone,2025-11-07,3,1.9194499893796293,0
Tattie Scone,2025-11-08,2,3.2986484013271786,0
Tattie Scone,2025-11-09,6,3.2575477839293825,0
Tattie Scone,2025-11-10,0,1.607821469540879,0
Tattie Scone,2025-11-11,0,1.3096791043053218,0
Tattie Scone,2025-11-12,1,1.0168270583363852,0
Tattie Scone,2025-11-13,2,1.3277733741350353,0
Tattie Scone,2025-11-14,2,1.6983711511591388,0
Tattie Scone,2025-11-15,3,3.092976509474351,0
Tattie Scone,2025-11-16,2,3.2539933132440986,0
Tattie Scone,2025-11-17,3,1.8437056314585893,0
Tattie Scone,2025-11-18,0,1.5623512926947851,0
Tattie Scone,2025-11-19,0,2.4781248678029124,0
Tattie Scone,2025-11-20,1,3.38357066964983,0
Tattie Scone,2025-11-21,1,1.988091706834262,0
Tattie Scone,2025-11-22,5,3.88941886351547,0
Tattie Scone,2025-11-23,4,3.9703400039168586,0
Tattie Scone,2025-11-24,5,2.6301790065361725,0
Tattie Scone,2025-11-25,1,1.5003711891097078,0
Tattie Scone,2025-11-26,1,1.7267552679954905,0
Tattie Scone,2025-11-27,0,2.020087000264496,0
Tattie Scone,2025-11-28,2,2.2318134490382073,0
Tattie Scone,2025-11-29,4,3.9544577658936086,0
Tattie Scone,2025-11-30,3,3.609367897876897,0
The Breakfast,2025-11-01,64,44.28085074840637,1
The Breakfast,2025-11-02,44,41.37353416069872,1
The Breakfast,2025-11-03,30,23.530784189139343,1
The Breakfast,2025-11-04,26,21.711084270576684,1
The Breakfast,2025-11-05,11,26.012851225644187,1
The Breakfast,2025-11-06,22,25.391015227663786,1
The Breakfast,2025-11-07,46,35.29091042415345,1
The Breakfast,2025-11-08,45,44.689521982512495,1
The Breakfast,2025-11-09,44,42.27576006502012,1
The Breakfast,2025-11-10,26,23.897513199493375,1
The Breakfast,2025-11-11,26,23.305736954725432,1
The Breakfast,2025-11-12,38,25.04990057030592,1
The Breakfast,2025-11-13,27,25.44508696185588,1
The Breakfast,2025-11-14,32,36.09768839069768,1
The Breakfast,2025-11-15,53,43.51519871470192,1
The Breakfast,2025-11-16,46,41.53489059018483,1
The Breakfast,2025-11-17,27,24.47840522850795,1
The Breakfast,2025-11-18,21,23.762958734809136,1
The Breakfast,2025-11-19,27,26.256458020781363,1
The Breakfast,2025-11-20,14,27.641521053733804,1
The Breakfast,2025-11-21,43,38.25914585697806,1
The Breakfast,2025-11-22,52,44.72678768997053,1
The Breakfast,2025-11-23,42,42.43715132840071,1
The Breakfast,2025-11-24,28,25.359574522616075,1
The Breakfast,2025-11-25,23,22.32530325157312,1
The Breakfast,2025-11-26,35,26.1564416769918,1
The Breakfast,2025-11-27,19,26.82986143939526,1
The Breakfast,2025-11-28,49,35.00306245354695,1
The Breakfast,2025-11-29,37,45.11741552069407,1
The Breakfast,2025-11-30,53,40.64996621773807,1
Toasted Teacake,2025-11-01,8,8.504838710604243,1
Toasted Teacake,2025-11-02,10,8.772232111366076,1
Toasted Teacake,2025-11-03,15,11.488948074339945,1
Toasted Teacake,2025-11-04,12,11.224368351225472,1
Toasted Teacake,2025-11-05,8,9.72566840502195,1
Toasted Teacake,2025-11-06,11,11.973677267161012,1
Toasted Teacake,2025-11-07,10,12.139620310470216,1
Toasted Teacake,2025-11-08,9,8.190902501255655,1
Toasted Teacake,2025-11-09,3,8.19852479489533,1
Toasted Teacake,2025-11-10,8,10.959775826720525,1
Toasted Teacake,2025-11-11,13,10.9046725220739,1
Toasted Teacake,2025-11-12,6,9.165298229144224,1
Toasted Teacake,2025-11-13,12,11.187755324398953,1
Toasted Teacake,2025-11-14,11,11.650778384608039,1
Toasted Teacake,2025-11-15,7,7.497702010072334,1
Toasted Teacake,2025-11-16,8,8.180536976147406,1
Toasted Teacake,2025-11-17,8,11.175481865152491,1
Toasted Teacake,2025-11-18,13,11.066437596348997,1
Toasted Teacake,2025-11-19,6,8.78814888131081,1
Toasted Teacake,2025-11-20,7,10.754268234873217,1
Toasted Teacake,2025-11-21,9,12.427580923190693,1
Toasted Teacake,2025-11-22,6,8.79008780764178,1
Toasted Teacake,2025-11-23,5,8.557662944304127,1
Toasted Teacake,2025-11-24,6,11.52703079689767,1
Toasted Teacake,2025-11-25,10,11.974548028704527,1
Toasted Teacake,2025-11-26,4,10.242823338833114,1
Toasted Teacake,2025-11-27,8,11.908126891990218,1
Toasted Teacake,2025-11-28,11,12.491823427577184,1
Toasted Teacake,2025-11-29,8,9.15415057924636,1
Toasted Teacake,2025-11-30,6,8.640765547257244,1
Tuna JP,2025-11-01,4,2.6845476334620413,3
Tuna JP,2025-11-02,7,2.260929766275212,3
Tuna JP,2025-11-03,2,2.101670634143196,3
Tuna JP,2025-11-04,3,2.0088082651251815,3
Tuna JP,2025-11-05,0,2.220951859907957,3
Tuna JP,2025-11-06,1,2.1830258959730178,3
Tuna JP,2025-11-07,0,2.021831533216909,3
Tuna JP,2025-11-08,2,2.1501827107398057,3
Tuna JP,2025-11-09,4,2.0518509316665328,3
Tuna JP,2025-11-10,3,1.9151332149198117,3
Tuna JP,2025-11-11,3,2.077674250589726,3
Tuna JP,2025-11-12,4,2.1334064838542908,3
Tuna JP,2025-11-13,1,2.585439696848132,3
Tuna JP,2025-11-14,1,2.30549713721711,3
Tuna JP,2025-11-15,7,2.7033497772713493,3
Tuna JP,2025-11-16,3,2.184444037151917,3
Tuna JP,2025-11-17,3,2.328552220730551,3
Tuna JP,2025-11-18,4,2.486396861510475,3
Tuna JP,2025-11-19,2,2.3524609404762566,3
Tuna JP,2025-11-20,6,2.245449913446389,3
Tuna JP,2025-11-21,3,2.4401682397787656,3
Tuna JP,2025-11-22,2,2.7532904999957557,3
Tuna JP,2025-11-23,1,2.793272635056327,3
Tuna JP,2025-11-24,2,2.810454582225125,3
Tuna JP,2025-11-25,2,2.549040369230337,3
Tuna JP,2025-11-26,1,2.932682599734793,3
Tuna JP,2025-11-27,6,2.9819988238109043,3
Tuna JP,2025-11-28,2,3.0290563099033996,3
Tuna JP,2025-11-29,1,3.3399566170183554,3
Tuna JP,2025-11-30,4,2.3950253021383716,3
Tuna Mayo Mix,2025-11-01,0,0.0,2
Tuna Mayo Mix,2025-11-02,0,0.0,2
Tuna Mayo Mix,2025-11-03,0,0.0,2
Tuna Mayo Mix,2025-11-04,0,0.0,2
Tuna Mayo Mix,2025-11-05,0,0.0,2
Tuna Mayo Mix,2025-11-06,0,0.0,2
Tuna Mayo Mix,2025-11-07,0,0.0,2
Tuna Mayo Mix,2025-11-08,0,0.0,2
Tuna Mayo Mix,2025-11-09,0,0.0,2
Tuna Mayo Mix,2025-11-10,0,0.0,2
Tuna Mayo Mix,2025-11-11,0,0.0,2
Tuna Mayo Mix,2025-11-12,0,0.0,2
Tuna Mayo Mix,2025-11-13,0,0.0,2
Tuna Mayo Mix,2025-11-14,0,0.0,2
Tuna Mayo Mix,2025-11-15,0,0.0,2
Tuna Mayo Mix,2025-11-16,0,0.0,2
Tuna Mayo Mix,2025-11-17,0,0.0,2
Tuna Mayo Mix,2025-11-18,0,0.0,2
Tuna Mayo Mix,2025-11-19,0,0.0,2
Tuna Mayo Mix,2025-11-20,0,0.0,2
Tuna Mayo Mix,2025-11-21,0,0.0,2
Tuna Mayo Mix,2025-11-22,0,0.0,2
Tuna Mayo Mix,2025-11-23,0,0.0,2
Tuna Mayo Mix,2025-11-24,0,0.0,2
Tuna Mayo Mix,2025-11-25,0,0.0,2
Tuna Mayo Mix,2025-11-26,0,0.0,2
Tuna Mayo Mix,2025-11-27,0,0.0,2
Tuna Mayo Mix,2025-11-28,0,0.0,2
Tuna Mayo Mix,2025-11-29,0,0.0,2
Tuna Mayo Mix,2025-11-30,0,0.0,2
Tuna Melt Panini,2025-11-01,0,1.9315739139265588e-05,0
Tuna Melt Panini,2025-11-02,0,4.554988890414873e-05,0
Tuna Melt Panini,2025-11-03,0,5.087927796996403e-05,0
Tuna Melt Panini,2025-11-04,0,1.3995887612901181e-05,0
Tuna Melt Panini,2025-11-05,0,9.589884408713765e-06,0
Tuna Melt Panini,2025-11-06,0,2.5666128916497287e-05,0
Tuna Melt Panini,2025-11-07,0,3.7994697678500613e-05,0
Tuna Melt Panini,2025-11-08,0,2.015806763724188e-05,0
Tuna Melt Panini,2025-11-09,0,7.644953534359278e-05,0
Tuna Melt Panini,2025-11-10,0,6.172635329429215e-05,0
Tuna Melt Panini,2025-11-11,0,3.934300482952771e-06,0
Tuna Melt Panini,2025-11-12,0,2.253571983560501e-05,0
Tuna Melt Panini,2025-11-13,0,2.816416933310368e-05,0
Tuna Melt Panini,2025-11-14,0,3.414924943625813e-05,0
Tuna Melt Panini,2025-11-15,0,3.420646392089864e-05,0
Tuna Melt Panini,2025-11-16,0,5.119276387216817e-05,0
Tuna Melt Panini,2025-11-17,0,4.178146223337174e-05,0
Tuna Melt Panini,2025-11-18,0,1.7796750951178471e-06,0
Tuna Melt Panini,2025-11-19,0,1.2536474021840924e-05,0
Tuna Melt Panini,2025-11-20,0,1.5907345201672933e-05,0
Tuna Melt Panini,2025-11-21,0,1.818083559685417e-05,0
Tuna Melt Panini,2025-11-22,0,1.3016465682816136e-05,0
Tuna Melt Panini,2025-11-23,0,4.6461351117320265e-05,0
Tuna Melt Panini,2025-11-24,0,1.071479347653762e-05,0
Tuna Melt Panini,2025-11-25,0,4.342416832173983e-06,0
Tuna Melt Panini,2025-11-26,0,3.308606300136084e-06,0
Tuna Melt Panini,2025-11-27,0,4.8742690438968146e-05,0
Tuna Melt Panini,2025-11-28,0,1.8992644868422706e-05,0
Tuna Melt Panini,2025-11-29,0,1.7028038093571205e-05,0
Tuna Melt Panini,2025-11-30,0,0.0001250099486507045,0
Tuna Panini,2025-11-01,0,0.0,3
Tuna Panini,2025-11-02,0,0.0,3
Tuna Panini,2025-11-03,0,0.0,3
Tuna Panini,2025-11-04,0,0.0,3
Tuna Panini,2025-11-05,0,0.016842039374084235,3
Tuna Panini,2025-11-06,0,0.0,3
Tuna Panini,2025-11-07,0,0.0008536023117019488,3
Tuna Panini,2025-11-08,0,0.0,3
Tuna Panini,2025-11-09,0,0.009762633745938576,3
Tuna Panini,2025-11-10,0,0.01822812104545229,3
Tuna Panini,2025-11-11,0,0.0,3
Tuna Panini,2025-11-12,0,0.029031845196667124,3
Tuna Panini,2025-11-13,0,0.0,3
Tuna Panini,2025-11-14,0,0.00949792974058493,3
Tuna Panini,2025-11-15,0,0.0,3
Tuna Panini,2025-11-16,0,0.010349106132294197,3
Tuna Panini,2025-11-17,0,0.016972928950178493,3
Tuna Panini,2025-11-18,0,0.014004794088179397,3
Tuna Panini,2025-11-19,0,0.08589940775633612,3
Tuna Panini,2025-11-20,0,0.030111837398902587,3
Tuna Panini,2025-11-21,0,0.06161513138014645,3
Tuna Panini,2025-11-22,0,0.008460504183831681,3
Tuna Panini,2025-11-23,0,0.06574929990948539,3
Tuna Panini,2025-11-24,0,0.02129668895471112,3
Tuna Panini,2025-11-25,0,0.010742554778636107,3
Tuna Panini,2025-11-26,0,0.055430293446486825,3
Tuna Panini,2025-11-27,0,0.0,3
Tuna Panini,2025-11-28,0,0.006304286272215024,3
Tuna Panini,2025-11-29,0,0.0,3
Tuna Panini,2025-11-30,0,0.0800641718147655,3
Tuna Toastie,2025-11-01,1,1.1072149053125229,3
Tuna Toastie,2025-11-02,2,0.7753097896294446,3
Tuna Toastie,2025-11-03,3,1.0987294297507062,3
Tuna Toastie,2025-11-04,3,0.8417330787758281,3
Tuna Toastie,2025-11-05,3,1.220084576799439,3
Tuna Toastie,2025-11-06,1,1.096699589056043,3
Tuna Toastie,2025-11-07,3,0.9609915266129059,3
Tuna Toastie,2025-11-08,1,1.1938928406377294,3
Tuna Toastie,2025-11-09,2,0.6986685903168057,3
Tuna Toastie,2025-11-10,2,0.994895270593172,3
Tuna Toastie,2025-11-11,8,1.2879252916782997,3
Tuna Toastie,2025-11-12,4,1.5207977528749472,3
Tuna Toastie,2025-11-13,2,1.5158627361321981,3
Tuna Toastie,2025-11-14,4,1.402902268383942,3
Tuna Toastie,2025-11-15,0,1.557270743788519,3
Tuna Toastie,2025-11-16,2,1.2200415940228169,3
Tuna Toastie,2025-11-17,3,1.7493711416298794,3
Tuna Toastie,2025-11-18,1,1.8349398653401536,3
Tuna Toastie,2025-11-19,0,1.6071728132224155,3
Tuna Toastie,2025-11-20,3,1.6387532443622652,3
Tuna Toastie,2025-11-21,2,1.5216250101371984,3
Tuna Toastie,2025-11-22,2,1.9804529964398259,3
Tuna Toastie,2025-11-23,3,1.4498544096663808,3
Tuna Toastie,2025-11-24,7,2.382123270650232,3
Tuna Toastie,2025-11-25,2,1.5844834297239572,3
Tuna Toastie,2025-11-26,1,1.9592222570697424,3
Tuna Toastie,2025-11-27,1,2.209150907900684,3
Tuna Toastie,2025-11-28,2,1.5858299224567494,3
Tuna Toastie,2025-11-29,4,1.2665700182469741,3
Tuna Toastie,2025-11-30,1,0.7441613521295816,3
Veg Sausage Bap,2025-11-01,0,0.0,3
Veg Sausage Bap,2025-11-02,0,0.001450492864802555,3
Veg Sausage Bap,2025-11-03,0,0.0,3
Veg Sausage Bap,2025-11-04,0,0.0,3
Veg Sausage Bap,2025-11-05,0,0.0032662880817193127,3
Veg Sausage Bap,2025-11-06,0,0.00020851374985866603,3
Veg Sausage Bap,2025-11-07,0,0.006403144018935715,3
Veg Sausage Bap,2025-11-08,0,0.0,3
Veg Sausage Bap,2025-11-09,0,0.0,3
Veg Sausage Bap,2025-11-10,0,0.0,3
Veg Sausage Bap,2025-11-11,0,0.0,3
Veg Sausage Bap,2025-11-12,0,0.00187776171810261,3
Veg Sausage Bap,2025-11-13,0,0.0,3
Veg Sausage Bap,2025-11-14,0,0.004655302146650633,3
Veg Sausage Bap,2025-11-15,0,0.0,3
Veg Sausage Bap,2025-11-16,0,0.0007622523599484367,3
Veg Sausage Bap,2025-11-17,0,0.0,3
Veg Sausage Bap,2025-11-18,0,0.0,3
Veg Sausage Bap,2025-11-19,0,0.0022972980710161367,3
Veg Sausage Bap,2025-11-20,0,0.0,3
Veg Sausage Bap,2025-11-21,0,0.007259662130935056,3
Veg Sausage Bap,2025-11-22,0,0.0,3
Veg Sausage Bap,2025-11-23,0,0.00037381204270489925,3
Veg Sausage Bap,2025-11-24,0,0.0,3
Veg Sausage Bap,2025-11-25,0,0.0,3
Veg Sausage Bap,2025-11-26,0,0.0027802778239658108,3
Veg Sausage Bap,2025-11-27,0,0.0,3
Veg Sausage Bap,2025-11-28,0,0.006335304334060688,3
Veg Sausage Bap,2025-11-29,0,0.0,3
Veg Sausage Bap,2025-11-30,0,0.0008380297026965471,3
Vegan Breakfast,2025-11-01,1,0.8501524287940535,0
Vegan Breakfast,2025-11-02,1,0.8662958419138894,0
Vegan Breakfast,2025-11-03,0,0.42583948500964197,0
Vegan Breakfast,2025-11-04,0,0.39128300792744575,0
Vegan Breakfast,2025-11-05,1,0.38460365633104276,0
Vegan Breakfast,2025-11-06,1,0.35380303928592377,0
Vegan Breakfast,2025-11-07,0,0.4039180298531504,0
Vegan Breakfast,2025-11-08,2,0.7873336670001772,0
Vegan Breakfast,2025-11-09,1,0.7370560508408699,0
Vegan Breakfast,2025-11-10,0,0.3904350286537756,0
Vegan Breakfast,2025-11-11,0,0.3590455653031532,0
Vegan Breakfast,2025-11-12,1,0.3538133289752259,0
Vegan Breakfast,2025-11-13,1,0.39147700297886034,0
Vegan Breakfast,2025-11-14,0,0.46925680366091643,0
Vegan Breakfast,2025-11-15,1,0.7579961347661747,0
Vegan Breakfast,2025-11-16,2,0.7401278765438206,0
Vegan Breakfast,2025-11-17,0,0.37270574384742217,0
Vegan Breakfast,2025-11-18,0,0.3513434116912631,0
Vegan Breakfast,2025-11-19,0,0.27769128380684177,0
Vegan Breakfast,2025-11-20,1,0.28742316961966363,0
Vegan Breakfast,2025-11-21,1,0.43103144893553397,0
Vegan Breakfast,2025-11-22,1,0.6899875126687898,0
Vegan Breakfast,2025-11-23,0,0.6517187198840917,0
Vegan Breakfast,2025-11-24,0,0.34271190541100593,0
Vegan Breakfast,2025-11-25,0,0.3070696382193946,0
Vegan Breakfast,2025-11-26,0,0.36255326769313145,0
Vegan Breakfast,2025-11-27,0,0.339377218198367,0
Vegan Breakfast,2025-11-28,0,0.41565510430333313,0
Vegan Breakfast,2025-11-29,2,0.7586783649107869,0
Vegan Breakfast,2025-11-30,0,0.7619773649829523,0
Vegan Sausage,2025-11-01,0,0.00028348048452130515,0
Vegan Sausage,2025-11-02,0,0.0004875121076647526,0
Vegan Sausage,2025-11-03,0,4.6315652019766384e-05,0
Vegan Sausage,2025-11-04,0,5.256808158879976e-06,0
Vegan Sausage,2025-11-05,0,1.5054337762482437e-05,0
Vegan Sausage,2025-11-06,0,1.8962044552468674e-05,0
Vegan Sausage,2025-11-07,0,1.404700245093376e-05,0
Vegan Sausage,2025-11-08,0,1.3361748698882135e-05,0
Vegan Sausage,2025-11-09,0,0.0,0
Vegan Sausage,2025-11-10,0,0.00018940790363027314,0
Vegan Sausage,2025-11-11,0,0.00012541293361839016,0
Vegan Sausage,2025-11-12,0,0.00026903698478447207,0
Vegan Sausage,2025-11-13,0,0.0004008495958324447,0
Vegan Sausage,2025-11-14,0,0.00037728487535918176,0
Vegan Sausage,2025-11-15,0,0.00015286390406982,0
Vegan Sausage,2025-11-16,0,0.0,0
Vegan Sausage,2025-11-17,0,0.0006434470191416423,0
Vegan Sausage,2025-11-18,0,0.00025585238619922846,0
Vegan Sausage,2025-11-19,0,0.0009395482132384628,0
Vegan Sausage,2025-11-20,0,0.0014730447777822552,0
Vegan Sausage,2025-11-21,0,0.0006086620460909239,0
Vegan Sausage,2025-11-22,0,0.00012225775897557774,0
Vegan Sausage,2025-11-23,0,0.0,0
Vegan Sausage,2025-11-24,0,0.00040187263201207983,0
Vegan Sausage,2025-11-25,0,0.0005740662930693491,0
Vegan Sausage,2025-11-26,0,0.0006155524517812449,0
Vegan Sausage,2025-11-27,0,0.0006806390427534446,0
Vegan Sausage,2025-11-28,0,0.0010831607990655658,0
Vegan Sausage,2025-11-29,0,0.00011217024321460388,0
Vegan Sausage,2025-11-30,0,0.0,0
Veggie Bap,2025-11-01,2,0.5339766919863037,0
Veggie Bap,2025-11-02,1,0.5931097383552127,0
Veggie Bap,2025-11-03,2,0.4438728776463545,0
Veggie Bap,2025-11-04,0,0.37354544095929976,0
Veggie Bap,2025-11-05,0,0.5602715716849802,0
Veggie Bap,2025-11-06,0,0.579573280185622,0
Veggie Bap,2025-11-07,0,0.50606254744197,0
Veggie Bap,2025-11-08,0,0.5619980478980795,0
Veggie Bap,2025-11-09,0,0.645328362098622,0
Veggie Bap,2025-11-10,0,0.5217286973077373,0
Veggie Bap,2025-11-11,0,0.4776141065718213,0
Veggie Bap,2025-11-12,1,0.5168667415530805,0
Veggie Bap,2025-11-13,0,0.5863527500678442,0
Veggie Bap,2025-11-14,1,0.5370759001141591,0
Veggie Bap,2025-11-15,1,0.5425446012284743,0
Veggie Bap,2025-11-16,1,0.649587221448793,0
Veggie Bap,2025-11-17,2,0.5254417230698438,0
Veggie Bap,2025-11-18,0,0.5223309589514387,0
Veggie Bap,2025-11-19,0,0.48780709146887036,0
Veggie Bap,2025-11-20,0,0.45772337826953197,0
Veggie Bap,2025-11-21,0,0.47707430106429505,0
Veggie Bap,2025-11-22,0,0.6179325666438861,0
Veggie Bap,2025-11-23,0,0.7193115934886812,0
Veggie Bap,2025-11-24,2,0.6648262109078631,0
Veggie Bap,2025-11-25,0,0.4401407414613233,0
Veggie Bap,2025-11-26,1,0.5994500765120524,0
Veggie Bap,2025-11-27,2,0.5671228819776867,0
Veggie Bap,2025-11-28,1,0.5029043479500038,0
Veggie Bap,2025-11-29,0,0.5801971095329806,0
Veggie Bap,2025-11-30,1,0.5238787662471126,0
Veggie Breakfast,2025-11-01,7,2.673808867239603,0
Veggie Breakfast,2025-11-02,3,2.7008719659792955,0
Veggie Breakfast,2025-11-03,0,1.1310905495889094,0
Veggie Breakfast,2025-11-04,1,1.1548124148983827,0
Veggie Breakfast,2025-11-05,0,1.0803432342890182,0
Veggie Breakfast,2025-11-06,2,1.0496000494369966,0
Veggie Breakfast,2025-11-07,5,1.5921760550691593,0
Veggie Breakfast,2025-11-08,2,2.4988366934154804,0
Veggie Breakfast,2025-11-09,2,2.866096561553261,0
Veggie Breakfast,2025-11-10,1,1.2190604793576356,0
Veggie Breakfast,2025-11-11,0,1.3564429145610803,0
Veggie Breakfast,2025-11-12,1,1.033635791525274,0
Veggie Breakfast,2025-11-13,5,1.20104312271286,0
Veggie Breakfast,2025-11-14,1,1.759595035076446,0
Veggie Breakfast,2025-11-15,6,2.4755997798602145,0
Veggie Breakfast,2025-11-16,2,2.7376035276200588,0
Veggie Breakfast,2025-11-17,0,1.3504690244736923,0
Veggie Breakfast,2025-11-18,1,1.404473254308523,0
Veggie Breakfast,2025-11-19,3,1.4795882889672385,0
Veggie Breakfast,2025-11-20,0,1.7118979654640014,0
Veggie Breakfast,2025-11-21,2,1.7408071828696552,0
Veggie Breakfast,2025-11-22,4,2.573905532787727,0
Veggie Breakfast,2025-11-23,4,2.9420548001636075,0
Veggie Breakfast,2025-11-24,4,1.4326104107205078,0
Veggie Breakfast,2025-11-25,0,1.1997408445056597,0
Veggie Breakfast,2025-11-26,2,1.1482254380769563,0
Veggie Breakfast,2025-11-27,4,1.222650974808593,0
Veggie Breakfast,2025-11-28,1,1.60702251770881,0
Veggie Breakfast,2025-11-29,3,2.5137942892220035,0
Veggie Breakfast,2025-11-30,6,2.8858558142842288,0
White Toast Bread,2025-11-01,47,43.71871381016584,1
White Toast Bread,2025-11-02,46,43.33048413060412,1
White Toast Bread,2025-11-03,28,27.188461008289778,1
White Toast Bread,2025-11-04,20,27.23883818337934,1
White Toast Bread,2025-11-05,16,27.497853462768106,1
White Toast Bread,2025-11-06,29,29.96684705830366,1
White Toast Bread,2025-11-07,31,36.088092079680976,1
White Toast Bread,2025-11-08,31,44.87601554406019,1
White Toast Bread,2025-11-09,50,43.67191782095586,1
White Toast Bread,2025-11-10,28,28.659711916145262,1
White Toast Bread,2025-11-11,28,28.97631967362145,1
White Toast Bread,2025-11-12,26,27.590100400768165,1
White Toast Bread,2025-11-13,19,30.281922333361067,1
White Toast Bread,2025-11-14,30,36.19983894627396,1
White Toast Bread,2025-11-15,41,45.43605545734579,1
White Toast Bread,2025-11-16,36,44.745071903766885,1
White Toast Bread,2025-11-17,22,28.69745754259047,1
White Toast Bread,2025-11-18,26,28.826474077452374,1
White Toast Bread,2025-11-19,30,27.231421144096483,1
White Toast Bread,2025-11-20,27,28.828256388377255,1
White Toast Bread,2025-11-21,35,34.09565102135508,1
White Toast Bread,2025-11-22,39,44.793287594595995,1
White Toast Bread,2025-11-23,63,43.19506032122471,1
White Toast Bread,2025-11-24,32,28.03856120267107,1
White Toast Bread,2025-11-25,22,26.99346811596486,1
White Toast Bread,2025-11-26,29,25.81312292701192,1
White Toast Bread,2025-11-27,25,30.109300078957286,1
White Toast Bread,2025-11-28,31,33.94501843793902,1
White Toast Bread,2025-11-29,38,43.146122549980944,1
White Toast Bread,2025-11-30,34,42.82907004897869,1
