Date,Product_Name,Sales,XGB_Prediction
2025-11-02,Avo & Hal Muffin,0,0.019800150766968727
2025-11-03,Avo & Hal Muffin,0,0.0382934994995594
2025-11-04,Avo & Hal Muffin,0,0.03365212306380272
2025-11-05,Avo & Hal Muffin,0,0.03680698946118355
2025-11-06,Avo & Hal Muffin,0,0.039105650037527084
2025-11-07,Avo & Hal Muffin,0,0.03520181402564049
2025-11-08,Avo & Hal Muffin,0,0.0419551320374012
2025-11-09,Avo & Hal Muffin,0,0.03801925107836723
2025-11-10,Avo & Hal Muffin,0,0.03624984994530678
2025-11-11,Avo & Hal Muffin,0,0.03678261488676071
2025-11-12,Avo & Hal Muffin,0,0.03916963189840317
2025-11-13,Avo & Hal Muffin,0,0.03960810601711273
2025-11-14,Avo & Hal Muffin,0,0.03960810601711273
2025-11-15,Avo & Hal Muffin,0,0.04041393846273422
2025-11-16,Avo & Hal Muffin,0,0.03488875925540924
2025-11-17,Avo & Hal Muffin,0,0.02427820861339569
2025-11-18,Avo & Hal Muffin,0,0.03044540248811245
2025-11-19,Avo & Hal Muffin,0,0.026154406368732452
2025-11-20,Avo & Hal Muffin,0,0.025506161153316498
2025-11-21,Avo & Hal Muffin,0,0.02739698812365532
2025-11-22,Avo & Hal Muffin,0,0.029899640008807182
2025-11-23,Avo & Hal Muffin,0,0.04106590524315834
2025-11-24,Avo & Hal Muffin,0,0.039248399436473846
2025-11-25,Avo & Hal Muffin,0,0.03510947898030281
2025-11-26,Avo & Hal Muffin,0,0.03395619988441467
2025-11-27,Avo & Hal Muffin,0,0.04600515961647034
2025-11-28,Avo & Hal Muffin,0,0.0321371853351593
2025-11-29,Avo & Hal Muffin,0,0.027573401108384132
2025-11-30,Avo & Hal Muffin,0,0.026365239173173904
2025-11-02,"Avo, Egg & Bacon",6,3.367107629776001
2025-11-03,"Avo, Egg & Bacon",3,3.8428895473480225
2025-11-04,"Avo, Egg & Bacon",1,3.3025214672088623
2025-11-05,"Avo, Egg & Bacon",2,3.048255443572998
2025-11-06,"Avo, Egg & Bacon",2,2.992500066757202
2025-11-07,"Avo, Egg & Bacon",6,2.9977853298187256
2025-11-08,"Avo, Egg & Bacon",9,3.9440736770629883
2025-11-09,"Avo, Egg & Bacon",1,3.549672842025757
2025-11-10,"Avo, Egg & Bacon",0,2.683244466781616
2025-11-11,"Avo, Egg & Bacon",1,2.3234996795654297
2025-11-12,"Avo, Egg & Bacon",3,2.2177374362945557
2025-11-13,"Avo, Egg & Bacon",2,2.673865556716919
2025-11-14,"Avo, Egg & Bacon",5,2.548480272293091
2025-11-15,"Avo, Egg & Bacon",6,3.312898635864258
2025-11-16,"Avo, Egg & Bacon",5,2.9739699363708496
2025-11-17,"Avo, Egg & Bacon",4,2.2051303386688232
2025-11-18,"Avo, Egg & Bacon",1,2.183037519454956
2025-11-19,"Avo, Egg & Bacon",0,2.0160396099090576
2025-11-20,"Avo, Egg & Bacon",3,2.417888879776001
2025-11-21,"Avo, Egg & Bacon",6,2.489687919616699
2025-11-22,"Avo, Egg & Bacon",7,3.3393983840942383
2025-11-23,"Avo, Egg & Bacon",6,3.1665782928466797
2025-11-24,"Avo, Egg & Bacon",2,2.275291681289673
2025-11-25,"Avo, Egg & Bacon",1,2.029996633529663
2025-11-26,"Avo, Egg & Bacon",2,2.0659003257751465
2025-11-27,"Avo, Egg & Bacon",3,2.5102269649505615
2025-11-28,"Avo, Egg & Bacon",3,2.3924713134765625
2025-11-29,"Avo, Egg & Bacon",5,3.2407572269439697
2025-11-30,"Avo, Egg & Bacon",4,3.043562412261963
2025-11-02,"Avo, Feta & Tom",2,2.6744253635406494
2025-11-03,"Avo, Feta & Tom",1,2.6714272499084473
2025-11-04,"Avo, Feta & Tom",1,2.1409082412719727
2025-11-05,"Avo, Feta & Tom",1,2.2013473510742188
2025-11-06,"Avo, Feta & Tom",2,2.4295120239257812
2025-11-07,"Avo, Feta & Tom",4,2.4667980670928955
2025-11-08,"Avo, Feta & Tom",5,3.532663106918335
2025-11-09,"Avo, Feta & Tom",4,3.1940317153930664
2025-11-10,"Avo, Feta & Tom",7,2.2778334617614746
2025-11-11,"Avo, Feta & Tom",2,2.063767671585083
2025-11-12,"Avo, Feta & Tom",2,2.1149351596832275
2025-11-13,"Avo, Feta & Tom",1,2.4502692222595215
2025-11-14,"Avo, Feta & Tom",3,2.4431028366088867
2025-11-15,"Avo, Feta & Tom",3,3.0803744792938232
2025-11-16,"Avo, Feta & Tom",2,3.017064094543457
2025-11-17,"Avo, Feta & Tom",1,2.0168614387512207
2025-11-18,"Avo, Feta & Tom",2,1.9841557741165161
2025-11-19,"Avo, Feta & Tom",0,1.8467625379562378
2025-11-20,"Avo, Feta & Tom",3,2.2139499187469482
2025-11-21,"Avo, Feta & Tom",1,2.3352670669555664
2025-11-22,"Avo, Feta & Tom",4,3.013378858566284
2025-11-23,"Avo, Feta & Tom",0,3.2277939319610596
2025-11-24,"Avo, Feta & Tom",1,2.2105371952056885
2025-11-25,"Avo, Feta & Tom",2,1.9464341402053833
2025-11-26,"Avo, Feta & Tom",5,2.0413711071014404
2025-11-27,"Avo, Feta & Tom",1,2.3688313961029053
2025-11-28,"Avo, Feta & Tom",0,2.4188601970672607
2025-11-29,"Avo, Feta & Tom",2,2.98502254486084
2025-11-30,"Avo, Feta & Tom",0,3.0286173820495605
2025-11-02,Avocado on Toast,3,2.737287998199463
2025-11-03,Avocado on Toast,1,2.7152979373931885
2025-11-04,Avocado on Toast,2,2.4726688861846924
2025-11-05,Avocado on Toast,4,2.4359569549560547
2025-11-06,Avocado on Toast,5,2.7312779426574707
2025-11-07,Avocado on Toast,1,2.939044713973999
2025-11-08,Avocado on Toast,5,3.36319899559021
2025-11-09,Avocado on Toast,3,3.30059552192688
2025-11-10,Avocado on Toast,1,2.6375479698181152
2025-11-11,Avocado on Toast,3,2.6593101024627686
2025-11-12,Avocado on Toast,1,2.6157219409942627
2025-11-13,Avocado on Toast,1,3.0245139598846436
2025-11-14,Avocado on Toast,3,3.2148752212524414
2025-11-15,Avocado on Toast,4,3.3635239601135254
2025-11-16,Avocado on Toast,1,3.3387699127197266
2025-11-17,Avocado on Toast,0,2.7209668159484863
2025-11-18,Avocado on Toast,1,2.604137897491455
2025-11-19,Avocado on Toast,0,2.4525439739227295
2025-11-20,Avocado on Toast,1,2.9032576084136963
2025-11-21,Avocado on Toast,2,2.962996482849121
2025-11-22,Avocado on Toast,0,3.446253776550293
2025-11-23,Avocado on Toast,2,3.4883668422698975
2025-11-24,Avocado on Toast,1,2.798872470855713
2025-11-25,Avocado on Toast,0,2.614898681640625
2025-11-26,Avocado on Toast,1,2.6867282390594482
2025-11-27,Avocado on Toast,1,3.1878926753997803
2025-11-28,Avocado on Toast,0,3.0725913047790527
2025-11-29,Avocado on Toast,2,3.240750312805176
2025-11-30,Avocado on Toast,4,3.396528720855713
2025-11-02,Bacon,5,7.851166725158691
2025-11-03,Bacon,6,10.65164566040039
2025-11-04,Bacon,7,8.960860252380371
2025-11-05,Bacon,5,7.930437088012695
2025-11-06,Bacon,2,7.047740459442139
2025-11-07,Bacon,6,7.975004196166992
2025-11-08,Bacon,6,10.332879066467285
2025-11-09,Bacon,11,9.209470748901367
2025-11-10,Bacon,1,7.245316982269287
2025-11-11,Bacon,4,7.445631504058838
2025-11-12,Bacon,4,6.521518230438232
2025-11-13,Bacon,8,6.908941745758057
2025-11-14,Bacon,12,8.185218811035156
2025-11-15,Bacon,6,10.944673538208008
2025-11-16,Bacon,5,10.16491985321045
2025-11-17,Bacon,4,6.961818695068359
2025-11-18,Bacon,4,6.040377616882324
2025-11-19,Bacon,4,5.574779987335205
2025-11-20,Bacon,7,6.006401538848877
2025-11-21,Bacon,7,7.802882671356201
2025-11-22,Bacon,5,10.461493492126465
2025-11-23,Bacon,4,10.680587768554688
2025-11-24,Bacon,2,5.989258766174316
2025-11-25,Bacon,6,5.8675947189331055
2025-11-26,Bacon,2,5.651183605194092
2025-11-27,Bacon,5,6.548408508300781
2025-11-28,Bacon,12,7.398420810699463
2025-11-29,Bacon,3,10.933838844299316
2025-11-30,Bacon,15,10.527592658996582
2025-11-02,Bacon Bap,26,15.942112922668457
2025-11-03,Bacon Bap,8,15.145295143127441
2025-11-04,Bacon Bap,14,14.577507972717285
2025-11-05,Bacon Bap,14,15.424288749694824
2025-11-06,Bacon Bap,22,15.124706268310547
2025-11-07,Bacon Bap,18,15.315180778503418
2025-11-08,Bacon Bap,20,18.919166564941406
2025-11-09,Bacon Bap,12,17.13884925842285
2025-11-10,Bacon Bap,5,14.829652786254883
2025-11-11,Bacon Bap,14,15.357653617858887
2025-11-12,Bacon Bap,12,15.255855560302734
2025-11-13,Bacon Bap,9,16.651063919067383
2025-11-14,Bacon Bap,17,17.85346794128418
2025-11-15,Bacon Bap,10,19.919410705566406
2025-11-16,Bacon Bap,14,17.608121871948242
2025-11-17,Bacon Bap,13,14.20688247680664
2025-11-18,Bacon Bap,11,15.360995292663574
2025-11-19,Bacon Bap,13,14.185952186584473
2025-11-20,Bacon Bap,7,15.923662185668945
2025-11-21,Bacon Bap,16,17.906400680541992
2025-11-22,Bacon Bap,17,19.234302520751953
2025-11-23,Bacon Bap,18,19.152742385864258
2025-11-24,Bacon Bap,26,16.078535079956055
2025-11-25,Bacon Bap,10,16.309476852416992
2025-11-26,Bacon Bap,15,16.61423110961914
2025-11-27,Bacon Bap,11,18.70579719543457
2025-11-28,Bacon Bap,11,19.801454544067383
2025-11-29,Bacon Bap,16,20.283771514892578
2025-11-30,Bacon Bap,26,18.537599563598633
2025-11-02,Bacon Egg Brioch,4,3.133678674697876
2025-11-03,Bacon Egg Brioch,1,1.7376242876052856
2025-11-04,Bacon Egg Brioch,2,1.8274484872817993
2025-11-05,Bacon Egg Brioch,2,1.896010160446167
2025-11-06,Bacon Egg Brioch,2,1.9721453189849854
2025-11-07,Bacon Egg Brioch,3,2.248896360397339
2025-11-08,Bacon Egg Brioch,3,3.149345874786377
2025-11-09,Bacon Egg Brioch,3,3.253793954849243
2025-11-10,Bacon Egg Brioch,2,1.818306803703308
2025-11-11,Bacon Egg Brioch,2,1.958264946937561
2025-11-12,Bacon Egg Brioch,0,1.803147792816162
2025-11-13,Bacon Egg Brioch,3,1.9923206567764282
2025-11-14,Bacon Egg Brioch,0,2.3228814601898193
2025-11-15,Bacon Egg Brioch,3,3.2168192863464355
2025-11-16,Bacon Egg Brioch,6,3.2151038646698
2025-11-17,Bacon Egg Brioch,3,1.7758240699768066
2025-11-18,Bacon Egg Brioch,0,1.8050302267074585
2025-11-19,Bacon Egg Brioch,0,1.6131962537765503
2025-11-20,Bacon Egg Brioch,2,1.7966454029083252
2025-11-21,Bacon Egg Brioch,3,2.0236403942108154
2025-11-22,Bacon Egg Brioch,1,3.2998600006103516
2025-11-23,Bacon Egg Brioch,5,3.323373556137085
2025-11-24,Bacon Egg Brioch,2,1.8701964616775513
2025-11-25,Bacon Egg Brioch,1,1.7793662548065186
2025-11-26,Bacon Egg Brioch,0,1.721126914024353
2025-11-27,Bacon Egg Brioch,1,1.9093858003616333
2025-11-28,Bacon Egg Brioch,2,2.1284332275390625
2025-11-29,Bacon Egg Brioch,0,3.293238639831543
2025-11-30,Bacon Egg Brioch,4,3.3386809825897217
2025-11-02,Bacon Waffle,12,4.94721794128418
2025-11-03,Bacon Waffle,5,2.6236066818237305
2025-11-04,Bacon Waffle,2,2.561734676361084
2025-11-05,Bacon Waffle,4,2.922874927520752
2025-11-06,Bacon Waffle,2,3.205256938934326
2025-11-07,Bacon Waffle,5,3.1626529693603516
2025-11-08,Bacon Waffle,1,4.344101428985596
2025-11-09,Bacon Waffle,3,4.835176467895508
2025-11-10,Bacon Waffle,0,2.6570708751678467
2025-11-11,Bacon Waffle,0,2.65908145904541
2025-11-12,Bacon Waffle,2,2.799124002456665
2025-11-13,Bacon Waffle,1,3.270007371902466
2025-11-14,Bacon Waffle,4,3.2854204177856445
2025-11-15,Bacon Waffle,2,4.424681186676025
2025-11-16,Bacon Waffle,4,4.8162055015563965
2025-11-17,Bacon Waffle,3,2.6765246391296387
2025-11-18,Bacon Waffle,2,2.654751777648926
2025-11-19,Bacon Waffle,0,2.42873477935791
2025-11-20,Bacon Waffle,1,2.9581754207611084
2025-11-21,Bacon Waffle,1,3.0729498863220215
2025-11-22,Bacon Waffle,4,4.671492099761963
2025-11-23,Bacon Waffle,2,4.935429096221924
2025-11-24,Bacon Waffle,3,2.80554461479187
2025-11-25,Bacon Waffle,2,2.6869828701019287
2025-11-26,Bacon Waffle,1,2.742520809173584
2025-11-27,Bacon Waffle,2,3.1436920166015625
2025-11-28,Bacon Waffle,5,3.133434772491455
2025-11-29,Bacon Waffle,3,4.6458563804626465
2025-11-30,Bacon Waffle,5,4.851670742034912
2025-11-02,Baked Beans,8,5.660833835601807
2025-11-03,Baked Beans,3,3.4066972732543945
2025-11-04,Baked Beans,6,3.0342721939086914
2025-11-05,Baked Beans,3,3.2499918937683105
2025-11-06,Baked Beans,5,3.75996994972229
2025-11-07,Baked Beans,9,3.65112566947937
2025-11-08,Baked Beans,5,4.47295618057251
2025-11-09,Baked Beans,7,4.587950706481934
2025-11-10,Baked Beans,1,3.220078706741333
2025-11-11,Baked Beans,7,2.8917717933654785
2025-11-12,Baked Beans,5,2.9041450023651123
2025-11-13,Baked Beans,2,3.320227861404419
2025-11-14,Baked Beans,5,3.3702049255371094
2025-11-15,Baked Beans,4,4.333685874938965
2025-11-16,Baked Beans,8,4.501933574676514
2025-11-17,Baked Beans,7,2.7872085571289062
2025-11-18,Baked Beans,2,2.6952357292175293
2025-11-19,Baked Beans,2,2.556215524673462
2025-11-20,Baked Beans,8,3.108015537261963
2025-11-21,Baked Beans,9,3.1859872341156006
2025-11-22,Baked Beans,7,4.444965839385986
2025-11-23,Baked Beans,6,4.5489702224731445
2025-11-24,Baked Beans,7,2.812098741531372
2025-11-25,Baked Beans,3,2.6758406162261963
2025-11-26,Baked Beans,7,2.699362277984619
2025-11-27,Baked Beans,6,3.1368682384490967
2025-11-28,Baked Beans,1,3.225393533706665
2025-11-29,Baked Beans,2,4.467498302459717
2025-11-30,Baked Beans,8,4.453158378601074
2025-11-02,Baked Beans JP,0,0.1833105832338333
2025-11-03,Baked Beans JP,0,0.08823389559984207
2025-11-04,Baked Beans JP,0,0.08481641858816147
2025-11-05,Baked Beans JP,0,0.1241074949502945
2025-11-06,Baked Beans JP,0,0.09535598009824753
2025-11-07,Baked Beans JP,0,0.09145214408636093
2025-11-08,Baked Beans JP,1,0.09758725762367249
2025-11-09,Baked Beans JP,1,0.1304577887058258
2025-11-10,Baked Beans JP,0,0.08453071117401123
2025-11-11,Baked Beans JP,0,0.08986419439315796
2025-11-12,Baked Beans JP,0,0.10804103314876556
2025-11-13,Baked Beans JP,0,0.09416674077510834
2025-11-14,Baked Beans JP,0,0.08514551818370819
2025-11-15,Baked Beans JP,0,0.1078895553946495
2025-11-16,Baked Beans JP,1,0.09415210038423538
2025-11-17,Baked Beans JP,0,0.08460095524787903
2025-11-18,Baked Beans JP,0,0.08456014841794968
2025-11-19,Baked Beans JP,0,0.07443913072347641
2025-11-20,Baked Beans JP,0,0.07718515396118164
2025-11-21,Baked Beans JP,0,0.08490599691867828
2025-11-22,Baked Beans JP,0,0.09919499605894089
2025-11-23,Baked Beans JP,0,0.0971507728099823
2025-11-24,Baked Beans JP,0,0.08918879181146622
2025-11-25,Baked Beans JP,0,0.09474654495716095
2025-11-26,Baked Beans JP,0,0.08512049168348312
2025-11-27,Baked Beans JP,0,0.08544810861349106
2025-11-28,Baked Beans JP,1,0.09103374928236008
2025-11-29,Baked Beans JP,0,0.10278346389532089
2025-11-30,Baked Beans JP,0,0.10043885558843613
2025-11-02,Bakery,50,57.429283142089844
2025-11-03,Bakery,56,46.54534149169922
2025-11-04,Bakery,60,52.3188362121582
2025-11-05,Bakery,57,56.45124816894531
2025-11-06,Bakery,70,57.91218948364258
2025-11-07,Bakery,74,59.03056335449219
2025-11-08,Bakery,57,64.11416625976562
2025-11-09,Bakery,66,62.267242431640625
2025-11-10,Bakery,41,51.910911560058594
2025-11-11,Bakery,52,54.65861129760742
2025-11-12,Bakery,65,57.5415153503418
2025-11-13,Bakery,52,62.03407669067383
2025-11-14,Bakery,62,65.12406158447266
2025-11-15,Bakery,60,68.9642562866211
2025-11-16,Bakery,57,62.117557525634766
2025-11-17,Bakery,71,56.4704475402832
2025-11-18,Bakery,51,51.84569549560547
2025-11-19,Bakery,48,49.58099365234375
2025-11-20,Bakery,60,51.35930252075195
2025-11-21,Bakery,61,61.654266357421875
2025-11-22,Bakery,61,69.32679748535156
2025-11-23,Bakery,83,58.817962646484375
2025-11-24,Bakery,61,49.89259719848633
2025-11-25,Bakery,74,52.70441436767578
2025-11-26,Bakery,76,56.06962585449219
2025-11-27,Bakery,78,56.68425750732422
2025-11-28,Bakery,84,63.05784606933594
2025-11-29,Bakery,60,70.19281005859375
2025-11-30,Bakery,79,64.47745513916016
2025-11-02,Bean Soldiers,0,0.8478290438652039
2025-11-03,Bean Soldiers,1,0.6761640906333923
2025-11-04,Bean Soldiers,0,0.6343985199928284
2025-11-05,Bean Soldiers,0,0.6927196979522705
2025-11-06,Bean Soldiers,0,0.9034611582756042
2025-11-07,Bean Soldiers,1,0.8194827437400818
2025-11-08,Bean Soldiers,2,1.0722039937973022
2025-11-09,Bean Soldiers,0,0.8873180747032166
2025-11-10,Bean Soldiers,1,0.6651211380958557
2025-11-11,Bean Soldiers,1,0.6110923886299133
2025-11-12,Bean Soldiers,1,0.6285194754600525
2025-11-13,Bean Soldiers,0,0.6952035427093506
2025-11-14,Bean Soldiers,0,0.7651706337928772
2025-11-15,Bean Soldiers,0,1.1048444509506226
2025-11-16,Bean Soldiers,0,0.8327358961105347
2025-11-17,Bean Soldiers,0,0.5929470062255859
2025-11-18,Bean Soldiers,0,0.6003832817077637
2025-11-19,Bean Soldiers,0,0.598324179649353
2025-11-20,Bean Soldiers,0,0.6508556008338928
2025-11-21,Bean Soldiers,0,0.6627177596092224
2025-11-22,Bean Soldiers,1,1.1455276012420654
2025-11-23,Bean Soldiers,1,0.9204230904579163
2025-11-24,Bean Soldiers,1,0.6329897046089172
2025-11-25,Bean Soldiers,0,0.6088619828224182
2025-11-26,Bean Soldiers,1,0.6303201913833618
2025-11-27,Bean Soldiers,0,0.6378428936004639
2025-11-28,Bean Soldiers,0,0.6897664070129395
2025-11-29,Bean Soldiers,0,1.178173303604126
2025-11-30,Bean Soldiers,1,0.8909193277359009
2025-11-02,Big Breakfast,33,23.617523193359375
2025-11-03,Big Breakfast,12,15.629961967468262
2025-11-04,Big Breakfast,17,14.097175598144531
2025-11-05,Big Breakfast,7,15.730415344238281
2025-11-06,Big Breakfast,13,15.493576049804688
2025-11-07,Big Breakfast,13,17.110702514648438
2025-11-08,Big Breakfast,28,25.979808807373047
2025-11-09,Big Breakfast,20,29.38405990600586
2025-11-10,Big Breakfast,11,15.979308128356934
2025-11-11,Big Breakfast,10,14.988036155700684
2025-11-12,Big Breakfast,10,14.684257507324219
2025-11-13,Big Breakfast,12,16.379608154296875
2025-11-14,Big Breakfast,16,18.431840896606445
2025-11-15,Big Breakfast,24,24.928998947143555
2025-11-16,Big Breakfast,27,26.710464477539062
2025-11-17,Big Breakfast,6,15.494163513183594
2025-11-18,Big Breakfast,15,14.543319702148438
2025-11-19,Big Breakfast,12,12.94791030883789
2025-11-20,Big Breakfast,9,14.819424629211426
2025-11-21,Big Breakfast,15,18.527576446533203
2025-11-22,Big Breakfast,28,24.383569717407227
2025-11-23,Big Breakfast,29,27.631725311279297
2025-11-24,Big Breakfast,16,17.756595611572266
2025-11-25,Big Breakfast,5,17.105031967163086
2025-11-26,Big Breakfast,14,16.526044845581055
2025-11-27,Big Breakfast,13,18.09659194946289
2025-11-28,Big Breakfast,9,21.076473236083984
2025-11-29,Big Breakfast,31,26.024747848510742
2025-11-30,Big Breakfast,28,27.59817123413086
2025-11-02,Black Pudding,5,2.9325881004333496
2025-11-03,Black Pudding,7,1.8619956970214844
2025-11-04,Black Pudding,2,1.3013529777526855
2025-11-05,Black Pudding,0,1.3892724514007568
2025-11-06,Black Pudding,1,1.582427978515625
2025-11-07,Black Pudding,2,1.8050580024719238
2025-11-08,Black Pudding,6,3.633145570755005
2025-11-09,Black Pudding,1,3.5415446758270264
2025-11-10,Black Pudding,0,1.4246444702148438
2025-11-11,Black Pudding,2,1.3198354244232178
2025-11-12,Black Pudding,1,1.2970550060272217
2025-11-13,Black Pudding,5,1.4615299701690674
2025-11-14,Black Pudding,1,1.614208459854126
2025-11-15,Black Pudding,3,3.43180775642395
2025-11-16,Black Pudding,1,3.740602970123291
2025-11-17,Black Pudding,5,1.374587059020996
2025-11-18,Black Pudding,2,1.3346853256225586
2025-11-19,Black Pudding,0,1.2882194519042969
2025-11-20,Black Pudding,1,1.3592935800552368
2025-11-21,Black Pudding,4,1.6101363897323608
2025-11-22,Black Pudding,4,3.468501329421997
2025-11-23,Black Pudding,8,3.819687843322754
2025-11-24,Black Pudding,2,1.4560348987579346
2025-11-25,Black Pudding,2,1.313287615776062
2025-11-26,Black Pudding,2,1.3609650135040283
2025-11-27,Black Pudding,0,1.4691600799560547
2025-11-28,Black Pudding,1,1.691070318222046
2025-11-29,Black Pudding,3,3.440758466720581
2025-11-30,Black Pudding,3,3.8361427783966064
2025-11-02,Breakfast Hash,0,0.6861725449562073
2025-11-03,Breakfast Hash,2,0.6097975373268127
2025-11-04,Breakfast Hash,2,0.5831411480903625
2025-11-05,Breakfast Hash,0,0.5144234299659729
2025-11-06,Breakfast Hash,0,0.6239943504333496
2025-11-07,Breakfast Hash,0,0.5324513912200928
2025-11-08,Breakfast Hash,1,0.885200023651123
2025-11-09,Breakfast Hash,1,0.7017908096313477
2025-11-10,Breakfast Hash,0,0.5443110466003418
2025-11-11,Breakfast Hash,1,0.49974626302719116
2025-11-12,Breakfast Hash,1,0.46690577268600464
2025-11-13,Breakfast Hash,0,0.5618197321891785
2025-11-14,Breakfast Hash,2,0.5050052404403687
2025-11-15,Breakfast Hash,1,0.7633582353591919
2025-11-16,Breakfast Hash,2,0.7684547305107117
2025-11-17,Breakfast Hash,0,0.47677484154701233
2025-11-18,Breakfast Hash,1,0.4630926251411438
2025-11-19,Breakfast Hash,0,0.43512260913848877
2025-11-20,Breakfast Hash,0,0.44632941484451294
2025-11-21,Breakfast Hash,0,0.48549458384513855
2025-11-22,Breakfast Hash,3,0.7955697178840637
2025-11-23,Breakfast Hash,0,0.6709074378013611
2025-11-24,Breakfast Hash,0,0.4704338312149048
2025-11-25,Breakfast Hash,2,0.41536399722099304
2025-11-26,Breakfast Hash,0,0.43409469723701477
2025-11-27,Breakfast Hash,1,0.48443543910980225
2025-11-28,Breakfast Hash,0,0.49983009696006775
2025-11-29,Breakfast Hash,3,0.7423779368400574
2025-11-30,Breakfast Hash,1,0.6649866700172424
2025-11-02,Breakfast Muffin,9,3.7330265045166016
2025-11-03,Breakfast Muffin,4,3.500308036804199
2025-11-04,Breakfast Muffin,2,3.1048827171325684
2025-11-05,Breakfast Muffin,4,3.6255125999450684
2025-11-06,Breakfast Muffin,3,3.138519048690796
2025-11-07,Breakfast Muffin,7,3.1200380325317383
2025-11-08,Breakfast Muffin,4,4.48789119720459
2025-11-09,Breakfast Muffin,4,4.2500810623168945
2025-11-10,Breakfast Muffin,5,2.8469858169555664
2025-11-11,Breakfast Muffin,1,2.7498836517333984
2025-11-12,Breakfast Muffin,6,2.942901372909546
2025-11-13,Breakfast Muffin,2,2.9367945194244385
2025-11-14,Breakfast Muffin,6,3.1139039993286133
2025-11-15,Breakfast Muffin,9,4.496680736541748
2025-11-16,Breakfast Muffin,4,4.295941352844238
2025-11-17,Breakfast Muffin,3,2.716271162033081
2025-11-18,Breakfast Muffin,1,2.553969621658325
2025-11-19,Breakfast Muffin,5,2.498096466064453
2025-11-20,Breakfast Muffin,4,2.925468921661377
2025-11-21,Breakfast Muffin,4,3.046306610107422
2025-11-22,Breakfast Muffin,2,4.343326568603516
2025-11-23,Breakfast Muffin,5,4.464473724365234
2025-11-24,Breakfast Muffin,3,2.848377227783203
2025-11-25,Breakfast Muffin,1,2.6342179775238037
2025-11-26,Breakfast Muffin,4,2.7077877521514893
2025-11-27,Breakfast Muffin,1,3.0508594512939453
2025-11-28,Breakfast Muffin,3,3.163274049758911
2025-11-29,Breakfast Muffin,4,4.497087478637695
2025-11-30,Breakfast Muffin,4,4.527645587921143
2025-11-02,Breakfast Wrap,0,0.02399720437824726
2025-11-03,Breakfast Wrap,0,0.02848070114850998
2025-11-04,Breakfast Wrap,0,0.025063224136829376
2025-11-05,Breakfast Wrap,0,0.029034048318862915
2025-11-06,Breakfast Wrap,0,0.02882826328277588
2025-11-07,Breakfast Wrap,0,0.024924425408244133
2025-11-08,Breakfast Wrap,0,0.0316777378320694
2025-11-09,Breakfast Wrap,0,0.02774186246097088
2025-11-10,Breakfast Wrap,0,0.02520240843296051
2025-11-11,Breakfast Wrap,0,0.014941585250198841
2025-11-12,Breakfast Wrap,0,0.024870509281754494
2025-11-13,Breakfast Wrap,0,0.030965909361839294
2025-11-14,Breakfast Wrap,0,0.029330719262361526
2025-11-15,Breakfast Wrap,0,0.03323712572455406
2025-11-16,Breakfast Wrap,0,0.024611370638012886
2025-11-17,Breakfast Wrap,0,0.013230820186436176
2025-11-18,Breakfast Wrap,0,0.02325683832168579
2025-11-19,Breakfast Wrap,0,0.0019676880910992622
2025-11-20,Breakfast Wrap,0,0.012021396309137344
2025-11-21,Breakfast Wrap,0,0.01612129807472229
2025-11-22,Breakfast Wrap,0,0.0196682121604681
2025-11-23,Breakfast Wrap,0,0.030834414064884186
2025-11-24,Breakfast Wrap,0,0.028155053034424782
2025-11-25,Breakfast Wrap,0,0.025240032002329826
2025-11-26,Breakfast Wrap,0,0.02490270510315895
2025-11-27,Breakfast Wrap,0,0.029633300378918648
2025-11-28,Breakfast Wrap,0,0.02737768180668354
2025-11-29,Breakfast Wrap,0,0.032772496342659
2025-11-30,Breakfast Wrap,0,0.02629128471016884
2025-11-02,Brown Toast Bread,8,8.055628776550293
2025-11-03,Brown Toast Bread,7,5.194346904754639
2025-11-04,Brown Toast Bread,8,4.8841400146484375
2025-11-05,Brown Toast Bread,6,5.165696144104004
2025-11-06,Brown Toast Bread,9,6.20816707611084
2025-11-07,Brown Toast Bread,7,6.87969446182251
2025-11-08,Brown Toast Bread,6,6.5265021324157715
2025-11-09,Brown Toast Bread,12,6.8287272453308105
2025-11-10,Brown Toast Bread,9,5.097384929656982
2025-11-11,Brown Toast Bread,9,5.090627193450928
2025-11-12,Brown Toast Bread,6,5.826844692230225
2025-11-13,Brown Toast Bread,10,6.960083484649658
2025-11-14,Brown Toast Bread,13,6.850677967071533
2025-11-15,Brown Toast Bread,6,6.588383197784424
2025-11-16,Brown Toast Bread,8,6.998561382293701
2025-11-17,Brown Toast Bread,11,5.1016621589660645
2025-11-18,Brown Toast Bread,5,5.004239082336426
2025-11-19,Brown Toast Bread,6,5.235413551330566
2025-11-20,Brown Toast Bread,6,6.530143737792969
2025-11-21,Brown Toast Bread,8,6.892818927764893
2025-11-22,Brown Toast Bread,12,6.97939920425415
2025-11-23,Brown Toast Bread,15,6.90991735458374
2025-11-24,Brown Toast Bread,8,5.263984203338623
2025-11-25,Brown Toast Bread,6,5.3749098777771
2025-11-26,Brown Toast Bread,9,5.586923122406006
2025-11-27,Brown Toast Bread,11,7.036799430847168
2025-11-28,Brown Toast Bread,9,7.002652645111084
2025-11-29,Brown Toast Bread,8,6.862070083618164
2025-11-30,Brown Toast Bread,7,7.107075214385986
2025-11-02,Buttd Mushrooms,3,2.6632535457611084
2025-11-03,Buttd Mushrooms,2,2.252004623413086
2025-11-04,Buttd Mushrooms,3,2.0598132610321045
2025-11-05,Buttd Mushrooms,4,2.077573537826538
2025-11-06,Buttd Mushrooms,2,2.2684199810028076
2025-11-07,Buttd Mushrooms,3,2.5283114910125732
2025-11-08,Buttd Mushrooms,1,3.1631851196289062
2025-11-09,Buttd Mushrooms,4,3.2081308364868164
2025-11-10,Buttd Mushrooms,1,2.2376201152801514
2025-11-11,Buttd Mushrooms,1,2.218505382537842
2025-11-12,Buttd Mushrooms,1,2.2348365783691406
2025-11-13,Buttd Mushrooms,1,2.525350332260132
2025-11-14,Buttd Mushrooms,5,2.4480605125427246
2025-11-15,Buttd Mushrooms,3,3.150008201599121
2025-11-16,Buttd Mushrooms,3,3.146113157272339
2025-11-17,Buttd Mushrooms,1,2.1972193717956543
2025-11-18,Buttd Mushrooms,0,2.1704773902893066
2025-11-19,Buttd Mushrooms,5,1.9958689212799072
2025-11-20,Buttd Mushrooms,3,2.2467405796051025
2025-11-21,Buttd Mushrooms,0,2.3804028034210205
2025-11-22,Buttd Mushrooms,1,3.19071626663208
2025-11-23,Buttd Mushrooms,1,3.303179979324341
2025-11-24,Buttd Mushrooms,2,2.314424753189087
2025-11-25,Buttd Mushrooms,1,2.171786308288574
2025-11-26,Buttd Mushrooms,2,2.1978158950805664
2025-11-27,Buttd Mushrooms,1,2.497126817703247
2025-11-28,Buttd Mushrooms,5,2.5251755714416504
2025-11-29,Buttd Mushrooms,4,3.237867593765259
2025-11-30,Buttd Mushrooms,3,3.2188990116119385
2025-11-02,Cheese & Bean JP,3,2.017897129058838
2025-11-03,Cheese & Bean JP,2,1.6320600509643555
2025-11-04,Cheese & Bean JP,0,1.1751692295074463
2025-11-05,Cheese & Bean JP,2,1.410276174545288
2025-11-06,Cheese & Bean JP,0,1.3799257278442383
2025-11-07,Cheese & Bean JP,1,1.4188621044158936
2025-11-08,Cheese & Bean JP,1,1.7734503746032715
2025-11-09,Cheese & Bean JP,2,1.9066991806030273
2025-11-10,Cheese & Bean JP,1,1.2832660675048828
2025-11-11,Cheese & Bean JP,1,1.185253620147705
2025-11-12,Cheese & Bean JP,0,1.2108315229415894
2025-11-13,Cheese & Bean JP,2,1.262204885482788
2025-11-14,Cheese & Bean JP,2,1.3577332496643066
2025-11-15,Cheese & Bean JP,1,1.6262060403823853
2025-11-16,Cheese & Bean JP,1,1.6114683151245117
2025-11-17,Cheese & Bean JP,1,1.0586798191070557
2025-11-18,Cheese & Bean JP,2,1.1106066703796387
2025-11-19,Cheese & Bean JP,0,1.0239859819412231
2025-11-20,Cheese & Bean JP,0,1.0432857275009155
2025-11-21,Cheese & Bean JP,3,1.138179063796997
2025-11-22,Cheese & Bean JP,0,1.314955711364746
2025-11-23,Cheese & Bean JP,1,1.2391166687011719
2025-11-24,Cheese & Bean JP,1,1.027120590209961
2025-11-25,Cheese & Bean JP,1,0.990523636341095
2025-11-26,Cheese & Bean JP,2,1.0308854579925537
2025-11-27,Cheese & Bean JP,2,1.0664191246032715
2025-11-28,Cheese & Bean JP,0,1.1287606954574585
2025-11-29,Cheese & Bean JP,2,1.2624105215072632
2025-11-30,Cheese & Bean JP,0,1.1893845796585083
2025-11-02,Cheese JP,1,0.22161425650119781
2025-11-03,Cheese JP,0,0.11622562259435654
2025-11-04,Cheese JP,0,0.11411064118146896
2025-11-05,Cheese JP,0,0.14690808951854706
2025-11-06,Cheese JP,1,0.15406128764152527
2025-11-07,Cheese JP,0,0.27675414085388184
2025-11-08,Cheese JP,0,0.17947593331336975
2025-11-09,Cheese JP,0,0.17170698940753937
2025-11-10,Cheese JP,1,0.1515294313430786
2025-11-11,Cheese JP,2,0.15650580823421478
2025-11-12,Cheese JP,0,0.15730352699756622
2025-11-13,Cheese JP,0,0.19171637296676636
2025-11-14,Cheese JP,0,0.16585350036621094
2025-11-15,Cheese JP,0,0.17944614589214325
2025-11-16,Cheese JP,0,0.16853047907352448
2025-11-17,Cheese JP,0,0.1515294313430786
2025-11-18,Cheese JP,0,0.14189863204956055
2025-11-19,Cheese JP,0,0.14700837433338165
2025-11-20,Cheese JP,0,0.15316420793533325
2025-11-21,Cheese JP,1,0.16547465324401855
2025-11-22,Cheese JP,0,0.1739273965358734
2025-11-23,Cheese JP,1,0.26790904998779297
2025-11-24,Cheese JP,0,0.1561172902584076
2025-11-25,Cheese JP,0,0.14548355340957642
2025-11-26,Cheese JP,0,0.15372541546821594
2025-11-27,Cheese JP,1,0.16643796861171722
2025-11-28,Cheese JP,0,0.15738269686698914
2025-11-29,Cheese JP,0,0.19806146621704102
2025-11-30,Cheese JP,0,0.17645248770713806
2025-11-02,Chick Flatbread,1,2.8073084354400635
2025-11-03,Chick Flatbread,2,2.2378859519958496
2025-11-04,Chick Flatbread,5,2.140266180038452
2025-11-05,Chick Flatbread,4,2.4986531734466553
2025-11-06,Chick Flatbread,1,2.521049976348877
2025-11-07,Chick Flatbread,2,2.6756043434143066
2025-11-08,Chick Flatbread,3,3.1079649925231934
2025-11-09,Chick Flatbread,2,3.182609796524048
2025-11-10,Chick Flatbread,0,2.635523796081543
2025-11-11,Chick Flatbread,1,2.6229467391967773
2025-11-12,Chick Flatbread,0,2.6942989826202393
2025-11-13,Chick Flatbread,0,3.013286828994751
2025-11-14,Chick Flatbread,0,3.0552594661712646
2025-11-15,Chick Flatbread,0,3.2054412364959717
2025-11-16,Chick Flatbread,0,3.3693246841430664
2025-11-17,Chick Flatbread,0,2.817558765411377
2025-11-18,Chick Flatbread,0,2.7746474742889404
2025-11-19,Chick Flatbread,0,2.6908040046691895
2025-11-20,Chick Flatbread,0,3.095798969268799
2025-11-21,Chick Flatbread,0,3.1774356365203857
2025-11-22,Chick Flatbread,0,3.5593485832214355
2025-11-23,Chick Flatbread,0,3.6773855686187744
2025-11-24,Chick Flatbread,0,2.964660882949829
2025-11-25,Chick Flatbread,0,2.7609434127807617
2025-11-26,Chick Flatbread,0,2.8978521823883057
2025-11-27,Chick Flatbread,0,3.3652589321136475
2025-11-28,Chick Flatbread,0,3.3853096961975098
2025-11-29,Chick Flatbread,0,3.7062230110168457
2025-11-30,Chick Flatbread,0,3.682084083557129
2025-11-02,Chicken Club,4,3.737701654434204
2025-11-03,Chicken Club,3,4.755177021026611
2025-11-04,Chicken Club,1,4.190735816955566
2025-11-05,Chicken Club,2,3.8621397018432617
2025-11-06,Chicken Club,4,4.230127811431885
2025-11-07,Chicken Club,5,4.228206634521484
2025-11-08,Chicken Club,7,5.030916690826416
2025-11-09,Chicken Club,1,5.030148506164551
2025-11-10,Chicken Club,1,4.205502986907959
2025-11-11,Chicken Club,4,4.154915809631348
2025-11-12,Chicken Club,0,4.051949501037598
2025-11-13,Chicken Club,0,4.281783103942871
2025-11-14,Chicken Club,0,4.236439228057861
2025-11-15,Chicken Club,0,4.990471839904785
2025-11-16,Chicken Club,0,4.547879219055176
2025-11-17,Chicken Club,0,3.7119297981262207
2025-11-18,Chicken Club,0,3.4165947437286377
2025-11-19,Chicken Club,0,3.2835521697998047
2025-11-20,Chicken Club,0,3.688535213470459
2025-11-21,Chicken Club,0,3.587364673614502
2025-11-22,Chicken Club,0,4.48713493347168
2025-11-23,Chicken Club,0,4.455763816833496
2025-11-24,Chicken Club,0,3.3707845211029053
2025-11-25,Chicken Club,0,3.2363903522491455
2025-11-26,Chicken Club,0,3.2223422527313232
2025-11-27,Chicken Club,0,3.6442606449127197
2025-11-28,Chicken Club,0,3.5924248695373535
2025-11-29,Chicken Club,0,4.377965450286865
2025-11-30,Chicken Club,0,4.242375373840332
2025-11-02,Chilli Carne JP,1,1.6477100849151611
2025-11-03,Chilli Carne JP,3,1.4789632558822632
2025-11-04,Chilli Carne JP,2,1.3851399421691895
2025-11-05,Chilli Carne JP,1,1.544123649597168
2025-11-06,Chilli Carne JP,1,1.5989984273910522
2025-11-07,Chilli Carne JP,1,1.5908595323562622
2025-11-08,Chilli Carne JP,0,2.181567907333374
2025-11-09,Chilli Carne JP,2,2.161226749420166
2025-11-10,Chilli Carne JP,2,1.4391601085662842
2025-11-11,Chilli Carne JP,1,1.3278231620788574
2025-11-12,Chilli Carne JP,3,1.354443907737732
2025-11-13,Chilli Carne JP,0,1.5935940742492676
2025-11-14,Chilli Carne JP,2,1.6600791215896606
2025-11-15,Chilli Carne JP,3,2.04050612449646
2025-11-16,Chilli Carne JP,4,2.1137771606445312
2025-11-17,Chilli Carne JP,2,1.3965282440185547
2025-11-18,Chilli Carne JP,3,1.3418478965759277
2025-11-19,Chilli Carne JP,0,1.2794296741485596
2025-11-20,Chilli Carne JP,1,1.346331000328064
2025-11-21,Chilli Carne JP,2,1.4357762336730957
2025-11-22,Chilli Carne JP,1,1.9336156845092773
2025-11-23,Chilli Carne JP,4,2.0958049297332764
2025-11-24,Chilli Carne JP,0,1.4471170902252197
2025-11-25,Chilli Carne JP,0,1.2056055068969727
2025-11-26,Chilli Carne JP,1,1.2948873043060303
2025-11-27,Chilli Carne JP,0,1.408725380897522
2025-11-28,Chilli Carne JP,0,1.5465432405471802
2025-11-29,Chilli Carne JP,0,1.952742338180542
2025-11-30,Chilli Carne JP,1,1.9800554513931274
2025-11-02,Egg Bacon Brioch,0,0.04085580259561539
2025-11-03,Egg Bacon Brioch,0,0.03219747170805931
2025-11-04,Egg Bacon Brioch,0,0.05665579438209534
2025-11-05,Egg Bacon Brioch,0,0.0
2025-11-06,Egg Bacon Brioch,0,0.03439309448003769
2025-11-07,Egg Bacon Brioch,0,0.051287807524204254
2025-11-08,Egg Bacon Brioch,0,0.04236322641372681
2025-11-09,Egg Bacon Brioch,0,0.05835922434926033
2025-11-10,Egg Bacon Brioch,0,0.0564403273165226
2025-11-11,Egg Bacon Brioch,0,0.056547489017248154
2025-11-12,Egg Bacon Brioch,0,0.06416691839694977
2025-11-13,Egg Bacon Brioch,0,0.06787528097629547
2025-11-14,Egg Bacon Brioch,0,0.060033176094293594
2025-11-15,Egg Bacon Brioch,0,0.06806380301713943
2025-11-16,Egg Bacon Brioch,0,0.06005679816007614
2025-11-17,Egg Bacon Brioch,0,0.05512691289186478
2025-11-18,Egg Bacon Brioch,0,0.0486210398375988
2025-11-19,Egg Bacon Brioch,0,0.03617459908127785
2025-11-20,Egg Bacon Brioch,0,0.028430143371224403
2025-11-21,Egg Bacon Brioch,0,0.05162498727440834
2025-11-22,Egg Bacon Brioch,0,0.07258904725313187
2025-11-23,Egg Bacon Brioch,0,0.04828835278749466
2025-11-24,Egg Bacon Brioch,0,0.04728434234857559
2025-11-25,Egg Bacon Brioch,0,0.06189354509115219
2025-11-26,Egg Bacon Brioch,0,0.06563836336135864
2025-11-27,Egg Bacon Brioch,0,0.06615109741687775
2025-11-28,Egg Bacon Brioch,0,0.06509929895401001
2025-11-29,Egg Bacon Brioch,0,0.0445752814412117
2025-11-30,Egg Bacon Brioch,0,0.052544571459293365
2025-11-02,Egg Bap,0,1.555525302886963
2025-11-03,Egg Bap,3,1.1525365114212036
2025-11-04,Egg Bap,1,1.1481164693832397
2025-11-05,Egg Bap,1,1.2082289457321167
2025-11-06,Egg Bap,3,1.260012149810791
2025-11-07,Egg Bap,2,1.1189839839935303
2025-11-08,Egg Bap,1,1.877134084701538
2025-11-09,Egg Bap,1,1.7563472986221313
2025-11-10,Egg Bap,1,1.241014003753662
2025-11-11,Egg Bap,2,1.1468313932418823
2025-11-12,Egg Bap,0,1.146557331085205
2025-11-13,Egg Bap,4,1.342747449874878
2025-11-14,Egg Bap,0,1.2133957147598267
2025-11-15,Egg Bap,6,1.7383782863616943
2025-11-16,Egg Bap,2,1.6847847700119019
2025-11-17,Egg Bap,1,1.4306879043579102
2025-11-18,Egg Bap,0,1.4480987787246704
2025-11-19,Egg Bap,0,1.4785833358764648
2025-11-20,Egg Bap,4,1.592043399810791
2025-11-21,Egg Bap,2,1.6175765991210938
2025-11-22,Egg Bap,5,2.125653028488159
2025-11-23,Egg Bap,0,2.215613842010498
2025-11-24,Egg Bap,1,1.8370829820632935
2025-11-25,Egg Bap,0,1.701289415359497
2025-11-26,Egg Bap,2,1.7364180088043213
2025-11-27,Egg Bap,2,1.9089206457138062
2025-11-28,Egg Bap,1,1.9487099647521973
2025-11-29,Egg Bap,3,2.589268207550049
2025-11-30,Egg Bap,1,2.7242038249969482
2025-11-02,Extra Beans,0,0.943585991859436
2025-11-03,Extra Beans,0,1.206883430480957
2025-11-04,Extra Beans,0,1.5957229137420654
2025-11-05,Extra Beans,0,1.9057010412216187
2025-11-06,Extra Beans,0,2.000028610229492
2025-11-07,Extra Beans,0,2.0416183471679688
2025-11-08,Extra Beans,0,2.7136032581329346
2025-11-09,Extra Beans,0,3.057856321334839
2025-11-10,Extra Beans,0,2.4946398735046387
2025-11-11,Extra Beans,0,2.531632423400879
2025-11-12,Extra Beans,0,2.480682373046875
2025-11-13,Extra Beans,0,2.8191022872924805
2025-11-14,Extra Beans,0,2.8986027240753174
2025-11-15,Extra Beans,0,3.4486238956451416
2025-11-16,Extra Beans,0,3.496398687362671
2025-11-17,Extra Beans,0,2.753967523574829
2025-11-18,Extra Beans,0,2.750110149383545
2025-11-19,Extra Beans,0,2.6160571575164795
2025-11-20,Extra Beans,0,3.1656100749969482
2025-11-21,Extra Beans,0,3.2893877029418945
2025-11-22,Extra Beans,0,3.7144312858581543
2025-11-23,Extra Beans,0,3.7552688121795654
2025-11-24,Extra Beans,0,2.933232069015503
2025-11-25,Extra Beans,0,2.868685007095337
2025-11-26,Extra Beans,0,2.9170024394989014
2025-11-27,Extra Beans,0,3.3791842460632324
2025-11-28,Extra Beans,0,3.3748204708099365
2025-11-29,Extra Beans,0,3.6882519721984863
2025-11-30,Extra Beans,0,3.742928981781006
2025-11-02,F.Eggs on Toast,3,1.705780267715454
2025-11-03,F.Eggs on Toast,1,1.3959124088287354
2025-11-04,F.Eggs on Toast,0,1.2978637218475342
2025-11-05,F.Eggs on Toast,1,1.260244369506836
2025-11-06,F.Eggs on Toast,0,1.4143860340118408
2025-11-07,F.Eggs on Toast,0,1.4942898750305176
2025-11-08,F.Eggs on Toast,1,1.8619537353515625
2025-11-09,F.Eggs on Toast,4,1.7629265785217285
2025-11-10,F.Eggs on Toast,0,1.3448858261108398
2025-11-11,F.Eggs on Toast,0,1.173130750656128
2025-11-12,F.Eggs on Toast,2,1.1932399272918701
2025-11-13,F.Eggs on Toast,2,1.3222869634628296
2025-11-14,F.Eggs on Toast,2,1.428541898727417
2025-11-15,F.Eggs on Toast,6,1.8495150804519653
2025-11-16,F.Eggs on Toast,0,1.6869007349014282
2025-11-17,F.Eggs on Toast,1,1.092797875404358
2025-11-18,F.Eggs on Toast,1,1.118955135345459
2025-11-19,F.Eggs on Toast,2,1.0125681161880493
2025-11-20,F.Eggs on Toast,1,1.089729905128479
2025-11-21,F.Eggs on Toast,3,1.2168083190917969
2025-11-22,F.Eggs on Toast,3,1.765883445739746
2025-11-23,F.Eggs on Toast,2,1.5688607692718506
2025-11-24,F.Eggs on Toast,2,1.0579016208648682
2025-11-25,F.Eggs on Toast,1,1.0060245990753174
2025-11-26,F.Eggs on Toast,3,1.092905044555664
2025-11-27,F.Eggs on Toast,2,1.122870683670044
2025-11-28,F.Eggs on Toast,4,1.1658366918563843
2025-11-29,F.Eggs on Toast,1,1.5640301704406738
2025-11-30,F.Eggs on Toast,0,1.3576449155807495
2025-11-02,Festive Stack,0,0.015267853625118732
2025-11-03,Festive Stack,0,0.03569180145859718
2025-11-04,Festive Stack,0,0.0324237197637558
2025-11-05,Festive Stack,0,0.03557858616113663
2025-11-06,Festive Stack,0,0.03665335103869438
2025-11-07,Festive Stack,0,0.032749515026807785
2025-11-08,Festive Stack,0,0.0395028330385685
2025-11-09,Festive Stack,0,0.03556695207953453
2025-11-10,Festive Stack,0,0.033797550946474075
2025-11-11,Festive Stack,0,0.03555421158671379
2025-11-12,Festive Stack,7,0.03794122859835625
2025-11-13,Festive Stack,5,0.03715580701828003
2025-11-14,Festive Stack,8,0.03715580701828003
2025-11-15,Festive Stack,6,0.03796163946390152
2025-11-16,Festive Stack,7,0.03243646025657654
2025-11-17,Festive Stack,3,0.025509566068649292
2025-11-18,Festive Stack,3,0.02355147898197174
2025-11-19,Festive Stack,2,0.013430479913949966
2025-11-20,Festive Stack,1,0.014193287119269371
2025-11-21,Festive Stack,3,0.021914105862379074
2025-11-22,Festive Stack,3,0.021781807765364647
2025-11-23,Festive Stack,4,0.03861360624432564
2025-11-24,Festive Stack,4,0.036796100437641144
2025-11-25,Festive Stack,1,0.03388107568025589
2025-11-26,Festive Stack,2,0.03272779658436775
2025-11-27,Festive Stack,8,0.0374583974480629
2025-11-28,Festive Stack,3,0.03520277515053749
2025-11-29,Festive Stack,6,0.03326145187020302
2025-11-30,Festive Stack,3,0.014416106045246124
2025-11-02,Fried Egg,11,8.672369956970215
2025-11-03,Fried Egg,3,9.011544227600098
2025-11-04,Fried Egg,6,8.786499977111816
2025-11-05,Fried Egg,4,7.61814546585083
2025-11-06,Fried Egg,3,8.653145790100098
2025-11-07,Fried Egg,11,8.95712661743164
2025-11-08,Fried Egg,12,11.102950096130371
2025-11-09,Fried Egg,7,9.616390228271484
2025-11-10,Fried Egg,2,7.820530891418457
2025-11-11,Fried Egg,11,7.391585826873779
2025-11-12,Fried Egg,9,8.07498550415039
2025-11-13,Fried Egg,9,8.943536758422852
2025-11-14,Fried Egg,14,9.52647876739502
2025-11-15,Fried Egg,11,11.693285942077637
2025-11-16,Fried Egg,15,9.908676147460938
2025-11-17,Fried Egg,13,8.21102523803711
2025-11-18,Fried Egg,8,7.692974090576172
2025-11-19,Fried Egg,2,7.688042163848877
2025-11-20,Fried Egg,11,8.975940704345703
2025-11-21,Fried Egg,9,9.302644729614258
2025-11-22,Fried Egg,10,11.573512077331543
2025-11-23,Fried Egg,14,10.479193687438965
2025-11-24,Fried Egg,11,8.202495574951172
2025-11-25,Fried Egg,3,8.144668579101562
2025-11-26,Fried Egg,3,8.524750709533691
2025-11-27,Fried Egg,5,9.024558067321777
2025-11-28,Fried Egg,9,9.283275604248047
2025-11-29,Fried Egg,5,11.82571792602539
2025-11-30,Fried Egg,18,10.4571533203125
2025-11-02,Hash Brown,5,4.148797512054443
2025-11-03,Hash Brown,3,2.654902696609497
2025-11-04,Hash Brown,4,2.17453932762146
2025-11-05,Hash Brown,2,2.137951135635376
2025-11-06,Hash Brown,2,2.5270891189575195
2025-11-07,Hash Brown,5,2.6363580226898193
2025-11-08,Hash Brown,3,4.364954471588135
2025-11-09,Hash Brown,5,4.77591609954834
2025-11-10,Hash Brown,0,2.0022051334381104
2025-11-11,Hash Brown,4,2.005244493484497
2025-11-12,Hash Brown,4,1.9930236339569092
2025-11-13,Hash Brown,5,2.4563169479370117
2025-11-14,Hash Brown,2,2.4867093563079834
2025-11-15,Hash Brown,3,4.4139485359191895
2025-11-16,Hash Brown,3,4.584039211273193
2025-11-17,Hash Brown,4,1.9627612829208374
2025-11-18,Hash Brown,0,1.957129716873169
2025-11-19,Hash Brown,2,1.7482044696807861
2025-11-20,Hash Brown,2,2.2120954990386963
2025-11-21,Hash Brown,5,2.3724546432495117
2025-11-22,Hash Brown,2,4.485760688781738
2025-11-23,Hash Brown,2,4.610291481018066
2025-11-24,Hash Brown,8,2.1545889377593994
2025-11-25,Hash Brown,4,2.0556116104125977
2025-11-26,Hash Brown,0,1.8654680252075195
2025-11-27,Hash Brown,0,2.479949951171875
2025-11-28,Hash Brown,0,2.5119876861572266
2025-11-29,Hash Brown,3,4.578979969024658
2025-11-30,Hash Brown,2,4.559986114501953
2025-11-02,Hash Brown Bites,0,0.015417240560054779
2025-11-03,Hash Brown Bites,0,0.017195850610733032
2025-11-04,Hash Brown Bites,0,0.013927745632827282
2025-11-05,Hash Brown Bites,0,0.017082620412111282
2025-11-06,Hash Brown Bites,0,0.01815738156437874
2025-11-07,Hash Brown Bites,0,0.01425353717058897
2025-11-08,Hash Brown Bites,0,0.021006856113672256
2025-11-09,Hash Brown Bites,0,0.017070984467864037
2025-11-10,Hash Brown Bites,0,0.01530162151902914
2025-11-11,Hash Brown Bites,0,0.008037004619836807
2025-11-12,Hash Brown Bites,0,0.018852999433875084
2025-11-13,Hash Brown Bites,0,0.018659837543964386
2025-11-14,Hash Brown Bites,0,0.018659837543964386
2025-11-15,Hash Brown Bites,0,0.019465699791908264
2025-11-16,Hash Brown Bites,0,0.013940483331680298
2025-11-17,Hash Brown Bites,0,0.015629537403583527
2025-11-18,Hash Brown Bites,0,0.011754184029996395
2025-11-19,Hash Brown Bites,0,0.003550446592271328
2025-11-20,Hash Brown Bites,0,0.006329145282506943
2025-11-21,Hash Brown Bites,0,0.013782981783151627
2025-11-22,Hash Brown Bites,0,0.020923053845763206
2025-11-23,Hash Brown Bites,0,0.018528342247009277
2025-11-24,Hash Brown Bites,0,0.018300136551260948
2025-11-25,Hash Brown Bites,0,0.015385099686682224
2025-11-26,Hash Brown Bites,0,0.014231822453439236
2025-11-27,Hash Brown Bites,0,0.009941186755895615
2025-11-28,Hash Brown Bites,0,0.01932869665324688
2025-11-29,Hash Brown Bites,0,0.020007198676466942
2025-11-30,Hash Brown Bites,0,0.015620401129126549
2025-11-02,Little Avo Toast,0,0.0754549577832222
2025-11-03,Little Avo Toast,0,0.07050865143537521
2025-11-04,Little Avo Toast,0,0.07175199687480927
2025-11-05,Little Avo Toast,0,0.07511436194181442
2025-11-06,Little Avo Toast,0,0.07490856945514679
2025-11-07,Little Avo Toast,0,0.07170205563306808
2025-11-08,Little Avo Toast,0,0.0790679082274437
2025-11-09,Little Avo Toast,0,0.07325796037912369
2025-11-10,Little Avo Toast,0,0.06891456246376038
2025-11-11,Little Avo Toast,0,0.06617698073387146
2025-11-12,Little Avo Toast,0,0.06958498805761337
2025-11-13,Little Avo Toast,0,0.0779772624373436
2025-11-14,Little Avo Toast,0,0.07515283674001694
2025-11-15,Little Avo Toast,0,0.08147093653678894
2025-11-16,Little Avo Toast,0,0.10364480316638947
2025-11-17,Little Avo Toast,0,0.09207623451948166
2025-11-18,Little Avo Toast,0,0.08806238323450089
2025-11-19,Little Avo Toast,0,0.08195280283689499
2025-11-20,Little Avo Toast,0,0.08469891548156738
2025-11-21,Little Avo Toast,0,0.09306017309427261
2025-11-22,Little Avo Toast,0,0.1079397052526474
2025-11-23,Little Avo Toast,0,0.10487435758113861
2025-11-24,Little Avo Toast,0,0.0933057889342308
2025-11-25,Little Avo Toast,0,0.09505157172679901
2025-11-26,Little Avo Toast,0,0.08979202061891556
2025-11-27,Little Avo Toast,0,0.09011960029602051
2025-11-28,Little Avo Toast,0,0.09855417162179947
2025-11-29,Little Avo Toast,0,0.10921836644411087
2025-11-30,Little Avo Toast,0,0.10757571458816528
2025-11-02,Little Bean Toas,0,0.12156745791435242
2025-11-03,Little Bean Toas,0,0.09615034610033035
2025-11-04,Little Bean Toas,0,0.14806663990020752
2025-11-05,Little Bean Toas,0,0.19007082283496857
2025-11-06,Little Bean Toas,0,0.1747404932975769
2025-11-07,Little Bean Toas,0,0.17377768456935883
2025-11-08,Little Bean Toas,0,0.28150856494903564
2025-11-09,Little Bean Toas,0,0.3610377609729767
2025-11-10,Little Bean Toas,0,0.28202465176582336
2025-11-11,Little Bean Toas,0,0.28108787536621094
2025-11-12,Little Bean Toas,0,0.28635990619659424
2025-11-13,Little Bean Toas,0,0.3094033896923065
2025-11-14,Little Bean Toas,0,0.33164143562316895
2025-11-15,Little Bean Toas,0,0.4943910837173462
2025-11-16,Little Bean Toas,0,0.4004186987876892
2025-11-17,Little Bean Toas,0,0.30599161982536316
2025-11-18,Little Bean Toas,0,0.36235731840133667
2025-11-19,Little Bean Toas,0,0.3269582688808441
2025-11-20,Little Bean Toas,0,0.34944334626197815
2025-11-21,Little Bean Toas,0,0.3618256151676178
2025-11-22,Little Bean Toas,0,0.5858631730079651
2025-11-23,Little Bean Toas,0,0.5345868468284607
2025-11-24,Little Bean Toas,0,0.3726558983325958
2025-11-25,Little Bean Toas,0,0.3523029685020447
2025-11-26,Little Bean Toas,0,0.390451043844223
2025-11-27,Little Bean Toas,0,0.40150871872901917
2025-11-28,Little Bean Toas,0,0.4023542106151581
2025-11-29,Little Bean Toas,0,0.660084068775177
2025-11-30,Little Bean Toas,0,0.5567902326583862
2025-11-02,Little Egg Toast,0,0.12693774700164795
2025-11-03,Little Egg Toast,0,0.13122782111167908
2025-11-04,Little Egg Toast,0,0.1583138108253479
2025-11-05,Little Egg Toast,0,0.16334272921085358
2025-11-06,Little Egg Toast,0,0.1827831119298935
2025-11-07,Little Egg Toast,0,0.18126662075519562
2025-11-08,Little Egg Toast,0,0.20275023579597473
2025-11-09,Little Egg Toast,0,0.3350449204444885
2025-11-10,Little Egg Toast,0,0.2738569974899292
2025-11-11,Little Egg Toast,0,0.2729202210903168
2025-11-12,Little Egg Toast,0,0.2781922519207001
2025-11-13,Little Egg Toast,0,0.3003115952014923
2025-11-14,Little Egg Toast,0,0.30269894003868103
2025-11-15,Little Egg Toast,0,0.4058178961277008
2025-11-16,Little Egg Toast,0,0.38046008348464966
2025-11-17,Little Egg Toast,0,0.29428938031196594
2025-11-18,Little Egg Toast,0,0.2752087712287903
2025-11-19,Little Egg Toast,0,0.29037240147590637
2025-11-20,Little Egg Toast,0,0.3196159601211548
2025-11-21,Little Egg Toast,0,0.3222990036010742
2025-11-22,Little Egg Toast,0,0.483747273683548
2025-11-23,Little Egg Toast,0,0.42338642477989197
2025-11-24,Little Egg Toast,0,0.3202575445175171
2025-11-25,Little Egg Toast,0,0.28994840383529663
2025-11-26,Little Egg Toast,0,0.3255888819694519
2025-11-27,Little Egg Toast,0,0.34372997283935547
2025-11-28,Little Egg Toast,0,0.3466704189777374
2025-11-29,Little Egg Toast,0,0.5090202689170837
2025-11-30,Little Egg Toast,0,0.43302685022354126
2025-11-02,Ltle Bfast Bacon,3,0.731325089931488
2025-11-03,Ltle Bfast Bacon,0,2.150562286376953
2025-11-04,Ltle Bfast Bacon,0,2.245939254760742
2025-11-05,Ltle Bfast Bacon,0,2.4222352504730225
2025-11-06,Ltle Bfast Bacon,0,2.6251373291015625
2025-11-07,Ltle Bfast Bacon,0,2.720226764678955
2025-11-08,Ltle Bfast Bacon,1,3.511230230331421
2025-11-09,Ltle Bfast Bacon,1,3.4287779331207275
2025-11-10,Ltle Bfast Bacon,0,2.623711585998535
2025-11-11,Ltle Bfast Bacon,0,2.6384074687957764
2025-11-12,Ltle Bfast Bacon,2,2.620112895965576
2025-11-13,Ltle Bfast Bacon,0,3.035252094268799
2025-11-14,Ltle Bfast Bacon,0,3.06600284576416
2025-11-15,Ltle Bfast Bacon,2,3.5430045127868652
2025-11-16,Ltle Bfast Bacon,1,3.520331621170044
2025-11-17,Ltle Bfast Bacon,0,2.8271520137786865
2025-11-18,Ltle Bfast Bacon,0,2.793694257736206
2025-11-19,Ltle Bfast Bacon,0,2.7053117752075195
2025-11-20,Ltle Bfast Bacon,1,3.2390642166137695
2025-11-21,Ltle Bfast Bacon,0,3.2490086555480957
2025-11-22,Ltle Bfast Bacon,0,3.850829839706421
2025-11-23,Ltle Bfast Bacon,0,3.8855741024017334
2025-11-24,Ltle Bfast Bacon,1,2.9144656658172607
2025-11-25,Ltle Bfast Bacon,0,2.8118934631347656
2025-11-26,Ltle Bfast Bacon,0,2.913907527923584
2025-11-27,Ltle Bfast Bacon,0,3.3908514976501465
2025-11-28,Ltle Bfast Bacon,0,3.405062437057495
2025-11-29,Ltle Bfast Bacon,1,3.9127562046051025
2025-11-30,Ltle Bfast Bacon,0,3.917377233505249
2025-11-02,Ltle Bfast Saus,2,2.0114810466766357
2025-11-03,Ltle Bfast Saus,1,2.1262621879577637
2025-11-04,Ltle Bfast Saus,0,1.9131031036376953
2025-11-05,Ltle Bfast Saus,0,1.8516064882278442
2025-11-06,Ltle Bfast Saus,1,2.2196531295776367
2025-11-07,Ltle Bfast Saus,4,2.3840560913085938
2025-11-08,Ltle Bfast Saus,0,2.550920009613037
2025-11-09,Ltle Bfast Saus,4,2.7111518383026123
2025-11-10,Ltle Bfast Saus,2,1.9803138971328735
2025-11-11,Ltle Bfast Saus,0,1.9229832887649536
2025-11-12,Ltle Bfast Saus,1,1.847610354423523
2025-11-13,Ltle Bfast Saus,1,2.145369052886963
2025-11-14,Ltle Bfast Saus,3,2.1656744480133057
2025-11-15,Ltle Bfast Saus,2,2.578206777572632
2025-11-16,Ltle Bfast Saus,2,2.3814537525177
2025-11-17,Ltle Bfast Saus,2,1.8361679315567017
2025-11-18,Ltle Bfast Saus,0,1.7770285606384277
2025-11-19,Ltle Bfast Saus,0,1.636946439743042
2025-11-20,Ltle Bfast Saus,1,1.9892985820770264
2025-11-21,Ltle Bfast Saus,0,2.0432581901550293
2025-11-22,Ltle Bfast Saus,1,2.5254886150360107
2025-11-23,Ltle Bfast Saus,4,2.504824161529541
2025-11-24,Ltle Bfast Saus,4,1.8926260471343994
2025-11-25,Ltle Bfast Saus,1,1.7693204879760742
2025-11-26,Ltle Bfast Saus,0,1.7858543395996094
2025-11-27,Ltle Bfast Saus,3,2.044569730758667
2025-11-28,Ltle Bfast Saus,3,2.096848964691162
2025-11-29,Ltle Bfast Saus,5,2.491851806640625
2025-11-30,Ltle Bfast Saus,5,2.444392442703247
2025-11-02,Mini Hash Browns,2,2.645423650741577
2025-11-03,Mini Hash Browns,2,2.67340350151062
2025-11-04,Mini Hash Browns,0,2.096156597137451
2025-11-05,Mini Hash Browns,2,2.181342840194702
2025-11-06,Mini Hash Browns,3,2.5692694187164307
2025-11-07,Mini Hash Browns,0,2.431633472442627
2025-11-08,Mini Hash Browns,2,3.2662694454193115
2025-11-09,Mini Hash Browns,2,3.0787975788116455
2025-11-10,Mini Hash Browns,1,2.2936720848083496
2025-11-11,Mini Hash Browns,1,2.0789685249328613
2025-11-12,Mini Hash Browns,1,1.988703966140747
2025-11-13,Mini Hash Browns,3,2.3073055744171143
2025-11-14,Mini Hash Browns,1,2.6682374477386475
2025-11-15,Mini Hash Browns,3,3.1335666179656982
2025-11-16,Mini Hash Browns,3,2.8400039672851562
2025-11-17,Mini Hash Browns,0,2.088925838470459
2025-11-18,Mini Hash Browns,1,2.0093002319335938
2025-11-19,Mini Hash Browns,2,1.8205938339233398
2025-11-20,Mini Hash Browns,3,2.262857437133789
2025-11-21,Mini Hash Browns,1,2.3693175315856934
2025-11-22,Mini Hash Browns,5,3.0208852291107178
2025-11-23,Mini Hash Browns,1,2.944565773010254
2025-11-24,Mini Hash Browns,2,2.3168418407440186
2025-11-25,Mini Hash Browns,2,2.063231945037842
2025-11-26,Mini Hash Browns,1,1.9882062673568726
2025-11-27,Mini Hash Browns,1,2.4401323795318604
2025-11-28,Mini Hash Browns,1,2.4643924236297607
2025-11-29,Mini Hash Browns,1,2.946857213973999
2025-11-30,Mini Hash Browns,2,2.869194507598877
2025-11-02,Multiseed Toast Bread,5,1.9755456447601318
2025-11-03,Multiseed Toast Bread,11,1.1690673828125
2025-11-04,Multiseed Toast Bread,1,0.9285385608673096
2025-11-05,Multiseed Toast Bread,2,1.5268170833587646
2025-11-06,Multiseed Toast Bread,5,1.6796469688415527
2025-11-07,Multiseed Toast Bread,0,1.467979073524475
2025-11-08,Multiseed Toast Bread,2,1.4707590341567993
2025-11-09,Multiseed Toast Bread,6,1.3391700983047485
2025-11-10,Multiseed Toast Bread,3,1.128434181213379
2025-11-11,Multiseed Toast Bread,1,0.9192854166030884
2025-11-12,Multiseed Toast Bread,4,1.1788899898529053
2025-11-13,Multiseed Toast Bread,4,1.3485894203186035
2025-11-14,Multiseed Toast Bread,1,1.404147982597351
2025-11-15,Multiseed Toast Bread,4,1.3407878875732422
2025-11-16,Multiseed Toast Bread,4,1.3106211423873901
2025-11-17,Multiseed Toast Bread,0,0.9156123399734497
2025-11-18,Multiseed Toast Bread,1,0.7094130516052246
2025-11-19,Multiseed Toast Bread,4,0.856517493724823
2025-11-20,Multiseed Toast Bread,2,1.044635534286499
2025-11-21,Multiseed Toast Bread,4,1.1401584148406982
2025-11-22,Multiseed Toast Bread,5,1.4560309648513794
2025-11-23,Multiseed Toast Bread,1,1.3287944793701172
2025-11-24,Multiseed Toast Bread,3,0.8271057605743408
2025-11-25,Multiseed Toast Bread,2,0.6473388671875
2025-11-26,Multiseed Toast Bread,1,0.8252435326576233
2025-11-27,Multiseed Toast Bread,4,1.1468219757080078
2025-11-28,Multiseed Toast Bread,1,1.147475242614746
2025-11-29,Multiseed Toast Bread,1,1.41513991355896
2025-11-30,Multiseed Toast Bread,2,1.2575064897537231
2025-11-02,P.Eggs on Toast,4,5.357300281524658
2025-11-03,P.Eggs on Toast,9,4.112293243408203
2025-11-04,P.Eggs on Toast,5,3.5204381942749023
2025-11-05,P.Eggs on Toast,3,4.309354305267334
2025-11-06,P.Eggs on Toast,8,5.569218635559082
2025-11-07,P.Eggs on Toast,3,5.441859722137451
2025-11-08,P.Eggs on Toast,6,4.795628070831299
2025-11-09,P.Eggs on Toast,7,5.006191253662109
2025-11-10,P.Eggs on Toast,7,3.992267370223999
2025-11-11,P.Eggs on Toast,6,3.72829532623291
2025-11-12,P.Eggs on Toast,6,4.081808567047119
2025-11-13,P.Eggs on Toast,8,5.543900012969971
2025-11-14,P.Eggs on Toast,7,5.076156139373779
2025-11-15,P.Eggs on Toast,4,4.862067222595215
2025-11-16,P.Eggs on Toast,10,5.15450382232666
2025-11-17,P.Eggs on Toast,6,4.050882816314697
2025-11-18,P.Eggs on Toast,5,3.8450567722320557
2025-11-19,P.Eggs on Toast,3,3.977550506591797
2025-11-20,P.Eggs on Toast,5,5.24953556060791
2025-11-21,P.Eggs on Toast,8,5.189093112945557
2025-11-22,P.Eggs on Toast,4,5.179473876953125
2025-11-23,P.Eggs on Toast,4,5.193497180938721
2025-11-24,P.Eggs on Toast,5,4.143654823303223
2025-11-25,P.Eggs on Toast,3,3.9379029273986816
2025-11-26,P.Eggs on Toast,5,4.175708293914795
2025-11-27,P.Eggs on Toast,4,5.5695624351501465
2025-11-28,P.Eggs on Toast,5,5.399334907531738
2025-11-29,P.Eggs on Toast,7,5.237834930419922
2025-11-30,P.Eggs on Toast,5,5.536810398101807
2025-11-02,Poached Egg,5,4.409444332122803
2025-11-03,Poached Egg,0,3.9368507862091064
2025-11-04,Poached Egg,1,3.407198667526245
2025-11-05,Poached Egg,4,3.1900672912597656
2025-11-06,Poached Egg,6,4.9009318351745605
2025-11-07,Poached Egg,3,3.893616199493408
2025-11-08,Poached Egg,7,4.951261520385742
2025-11-09,Poached Egg,11,4.552928924560547
2025-11-10,Poached Egg,0,2.8685388565063477
2025-11-11,Poached Egg,2,2.8367276191711426
2025-11-12,Poached Egg,1,2.687915325164795
2025-11-13,Poached Egg,3,4.198915004730225
2025-11-14,Poached Egg,2,3.365294933319092
2025-11-15,Poached Egg,1,4.688644886016846
2025-11-16,Poached Egg,2,4.537161827087402
2025-11-17,Poached Egg,2,2.5803492069244385
2025-11-18,Poached Egg,0,2.3888328075408936
2025-11-19,Poached Egg,1,2.308154344558716
2025-11-20,Poached Egg,5,3.625821590423584
2025-11-21,Poached Egg,6,3.297560214996338
2025-11-22,Poached Egg,2,4.437041282653809
2025-11-23,Poached Egg,2,4.6039347648620605
2025-11-24,Poached Egg,5,2.5538196563720703
2025-11-25,Poached Egg,2,2.3424689769744873
2025-11-26,Poached Egg,6,2.281534433364868
2025-11-27,Poached Egg,3,3.6466305255889893
2025-11-28,Poached Egg,0,3.242919921875
2025-11-29,Poached Egg,1,4.2171311378479
2025-11-30,Poached Egg,3,4.482288360595703
2025-11-02,Porridge,1,0.25085559487342834
2025-11-03,Porridge,0,0.0559786893427372
2025-11-04,Porridge,0,0.041519150137901306
2025-11-05,Porridge,0,0.0431194044649601
2025-11-06,Porridge,1,0.04881233721971512
2025-11-07,Porridge,0,0.1015080064535141
2025-11-08,Porridge,0,0.053327515721321106
2025-11-09,Porridge,1,0.05405550077557564
2025-11-10,Porridge,0,0.03290928527712822
2025-11-11,Porridge,0,0.06528586149215698
2025-11-12,Porridge,0,0.018553273752331734
2025-11-13,Porridge,0,0.02062118798494339
2025-11-14,Porridge,1,0.09651007503271103
2025-11-15,Porridge,1,0.01857367902994156
2025-11-16,Porridge,1,0.017246408388018608
2025-11-17,Porridge,0,0.024775560945272446
2025-11-18,Porridge,0,0.03053201176226139
2025-11-19,Porridge,0,0.0
2025-11-20,Porridge,0,0.006003879010677338
2025-11-21,Porridge,1,0.013724718242883682
2025-11-22,Porridge,1,0.021250968798995018
2025-11-23,Porridge,1,0.018528342247009277
2025-11-24,Porridge,0,0.01988946832716465
2025-11-25,Porridge,0,0.016974443569779396
2025-11-26,Porridge,1,0.014231822453439236
2025-11-27,Porridge,1,0.019290367141366005
2025-11-28,Porridge,0,0.0167067963629961
2025-11-29,Porridge,0,0.010985929518938065
2025-11-30,Porridge,0,0.039565812796354294
2025-11-02,Posh Beans,0,1.4077101945877075
2025-11-03,Posh Beans,1,0.9714242815971375
2025-11-04,Posh Beans,2,1.0483672618865967
2025-11-05,Posh Beans,1,1.0418593883514404
2025-11-06,Posh Beans,1,1.183129072189331
2025-11-07,Posh Beans,3,1.1591529846191406
2025-11-08,Posh Beans,2,1.7283098697662354
2025-11-09,Posh Beans,0,1.517362117767334
2025-11-10,Posh Beans,2,0.9923294186592102
2025-11-11,Posh Beans,0,1.012526035308838
2025-11-12,Posh Beans,1,1.0415918827056885
2025-11-13,Posh Beans,3,1.138477087020874
2025-11-14,Posh Beans,1,1.1224784851074219
2025-11-15,Posh Beans,0,1.5670591592788696
2025-11-16,Posh Beans,2,1.4183449745178223
2025-11-17,Posh Beans,0,0.9036554098129272
2025-11-18,Posh Beans,0,1.0013487339019775
2025-11-19,Posh Beans,4,0.9278985261917114
2025-11-20,Posh Beans,1,1.0696978569030762
2025-11-21,Posh Beans,2,1.1546815633773804
2025-11-22,Posh Beans,1,1.6043468713760376
2025-11-23,Posh Beans,0,1.4696426391601562
2025-11-24,Posh Beans,1,1.0002683401107788
2025-11-25,Posh Beans,0,0.9603569507598877
2025-11-26,Posh Beans,2,0.9930291175842285
2025-11-27,Posh Beans,0,1.192192554473877
2025-11-28,Posh Beans,0,1.2376444339752197
2025-11-29,Posh Beans,0,1.583221673965454
2025-11-30,Posh Beans,2,1.3643200397491455
2025-11-02,Roll & Butter ,4,2.7798314094543457
2025-11-03,Roll & Butter ,2,2.295877456665039
2025-11-04,Roll & Butter ,2,2.057976722717285
2025-11-05,Roll & Butter ,1,2.1448278427124023
2025-11-06,Roll & Butter ,1,2.6928048133850098
2025-11-07,Roll & Butter ,2,2.6334686279296875
2025-11-08,Roll & Butter ,2,2.993685483932495
2025-11-09,Roll & Butter ,1,2.8845579624176025
2025-11-10,Roll & Butter ,0,2.2242958545684814
2025-11-11,Roll & Butter ,4,2.01149582862854
2025-11-12,Roll & Butter ,3,2.142763376235962
2025-11-13,Roll & Butter ,1,2.7532007694244385
2025-11-14,Roll & Butter ,2,2.604536771774292
2025-11-15,Roll & Butter ,2,3.014664888381958
2025-11-16,Roll & Butter ,1,2.83598256111145
2025-11-17,Roll & Butter ,5,2.1389148235321045
2025-11-18,Roll & Butter ,9,2.054229259490967
2025-11-19,Roll & Butter ,1,2.0662589073181152
2025-11-20,Roll & Butter ,1,2.6458206176757812
2025-11-21,Roll & Butter ,1,2.720332145690918
2025-11-22,Roll & Butter ,1,3.1687281131744385
2025-11-23,Roll & Butter ,3,2.9630250930786133
2025-11-24,Roll & Butter ,2,2.226025342941284
2025-11-25,Roll & Butter ,0,2.1002724170684814
2025-11-26,Roll & Butter ,1,2.2140915393829346
2025-11-27,Roll & Butter ,1,2.7544479370117188
2025-11-28,Roll & Butter ,1,2.7985036373138428
2025-11-29,Roll & Butter ,2,3.172088384628296
2025-11-30,Roll & Butter ,2,2.873354196548462
2025-11-02,S.Eggs on Toast,6,2.9933621883392334
2025-11-03,S.Eggs on Toast,4,2.462881326675415
2025-11-04,S.Eggs on Toast,5,2.2395424842834473
2025-11-05,S.Eggs on Toast,4,2.2506794929504395
2025-11-06,S.Eggs on Toast,6,2.4186394214630127
2025-11-07,S.Eggs on Toast,4,3.0945451259613037
2025-11-08,S.Eggs on Toast,1,3.1727685928344727
2025-11-09,S.Eggs on Toast,5,2.9288668632507324
2025-11-10,S.Eggs on Toast,1,2.31584095954895
2025-11-11,S.Eggs on Toast,5,2.2862038612365723
2025-11-12,S.Eggs on Toast,0,2.2977428436279297
2025-11-13,S.Eggs on Toast,3,2.632237672805786
2025-11-14,S.Eggs on Toast,5,3.0103330612182617
2025-11-15,S.Eggs on Toast,5,3.170436382293701
2025-11-16,S.Eggs on Toast,5,2.8086183071136475
2025-11-17,S.Eggs on Toast,3,2.28033709526062
2025-11-18,S.Eggs on Toast,2,2.222769260406494
2025-11-19,S.Eggs on Toast,1,2.1112895011901855
2025-11-20,S.Eggs on Toast,1,2.4456331729888916
2025-11-21,S.Eggs on Toast,1,2.6931509971618652
2025-11-22,S.Eggs on Toast,10,3.0963730812072754
2025-11-23,S.Eggs on Toast,5,2.8209009170532227
2025-11-24,S.Eggs on Toast,1,2.33695387840271
2025-11-25,S.Eggs on Toast,1,2.2590224742889404
2025-11-26,S.Eggs on Toast,3,2.2895073890686035
2025-11-27,S.Eggs on Toast,3,2.760634183883667
2025-11-28,S.Eggs on Toast,0,2.832655906677246
2025-11-29,S.Eggs on Toast,2,3.000870704650879
2025-11-30,S.Eggs on Toast,5,2.7642905712127686
2025-11-02,Sausage,5,11.157516479492188
2025-11-03,Sausage,6,12.166106224060059
2025-11-04,Sausage,3,10.933890342712402
2025-11-05,Sausage,4,11.489503860473633
2025-11-06,Sausage,3,12.336604118347168
2025-11-07,Sausage,12,12.582782745361328
2025-11-08,Sausage,12,13.400307655334473
2025-11-09,Sausage,13,13.000140190124512
2025-11-10,Sausage,4,12.030205726623535
2025-11-11,Sausage,4,12.40564250946045
2025-11-12,Sausage,2,12.149662971496582
2025-11-13,Sausage,11,13.092841148376465
2025-11-14,Sausage,1,13.579179763793945
2025-11-15,Sausage,8,14.594184875488281
2025-11-16,Sausage,14,13.630780220031738
2025-11-17,Sausage,5,12.380645751953125
2025-11-18,Sausage,0,12.389374732971191
2025-11-19,Sausage,3,11.388530731201172
2025-11-20,Sausage,7,12.762752532958984
2025-11-21,Sausage,5,13.365691184997559
2025-11-22,Sausage,11,14.302094459533691
2025-11-23,Sausage,6,14.202997207641602
2025-11-24,Sausage,6,13.785598754882812
2025-11-25,Sausage,3,12.674470901489258
2025-11-26,Sausage,5,13.253822326660156
2025-11-27,Sausage,6,14.063055992126465
2025-11-28,Sausage,5,14.178152084350586
2025-11-29,Sausage,5,14.42770767211914
2025-11-30,Sausage,18,14.11916446685791
2025-11-02,Sausage Bap,17,10.565206527709961
2025-11-03,Sausage Bap,11,13.21988582611084
2025-11-04,Sausage Bap,14,11.370965957641602
2025-11-05,Sausage Bap,4,12.447820663452148
2025-11-06,Sausage Bap,8,13.739721298217773
2025-11-07,Sausage Bap,7,12.88290786743164
2025-11-08,Sausage Bap,22,15.6129732131958
2025-11-09,Sausage Bap,13,13.508940696716309
2025-11-10,Sausage Bap,6,13.099690437316895
2025-11-11,Sausage Bap,7,13.248222351074219
2025-11-12,Sausage Bap,8,13.188631057739258
2025-11-13,Sausage Bap,7,14.617504119873047
2025-11-14,Sausage Bap,15,14.066858291625977
2025-11-15,Sausage Bap,18,15.878190040588379
2025-11-16,Sausage Bap,14,12.994695663452148
2025-11-17,Sausage Bap,12,13.174684524536133
2025-11-18,Sausage Bap,12,13.119975090026855
2025-11-19,Sausage Bap,7,12.13387393951416
2025-11-20,Sausage Bap,14,13.718116760253906
2025-11-21,Sausage Bap,14,14.49826431274414
2025-11-22,Sausage Bap,12,15.964436531066895
2025-11-23,Sausage Bap,17,14.759577751159668
2025-11-24,Sausage Bap,15,14.511957168579102
2025-11-25,Sausage Bap,11,13.471673965454102
2025-11-26,Sausage Bap,14,14.413565635681152
2025-11-27,Sausage Bap,14,15.373759269714355
2025-11-28,Sausage Bap,10,15.1174955368042
2025-11-29,Sausage Bap,16,16.100801467895508
2025-11-30,Sausage Bap,12,14.163434028625488
2025-11-02,Scrambled Egg,2,1.9797823429107666
2025-11-03,Scrambled Egg,3,1.3785276412963867
2025-11-04,Scrambled Egg,1,1.1298397779464722
2025-11-05,Scrambled Egg,2,1.1189892292022705
2025-11-06,Scrambled Egg,6,1.1912086009979248
2025-11-07,Scrambled Egg,1,1.4589426517486572
2025-11-08,Scrambled Egg,1,1.9370720386505127
2025-11-09,Scrambled Egg,3,2.0546069145202637
2025-11-10,Scrambled Egg,0,1.2648248672485352
2025-11-11,Scrambled Egg,3,1.1183688640594482
2025-11-12,Scrambled Egg,0,1.070023775100708
2025-11-13,Scrambled Egg,0,1.2499886751174927
2025-11-14,Scrambled Egg,3,1.4299253225326538
2025-11-15,Scrambled Egg,0,1.9088305234909058
2025-11-16,Scrambled Egg,2,2.027534008026123
2025-11-17,Scrambled Egg,0,1.1138139963150024
2025-11-18,Scrambled Egg,0,1.1247332096099854
2025-11-19,Scrambled Egg,0,0.9993839263916016
2025-11-20,Scrambled Egg,0,1.0744258165359497
2025-11-21,Scrambled Egg,1,1.2683099508285522
2025-11-22,Scrambled Egg,0,1.7536381483078003
2025-11-23,Scrambled Egg,2,1.9750308990478516
2025-11-24,Scrambled Egg,0,1.1145811080932617
2025-11-25,Scrambled Egg,7,1.049092411994934
2025-11-26,Scrambled Egg,0,0.9127105474472046
2025-11-27,Scrambled Egg,1,1.190641164779663
2025-11-28,Scrambled Egg,3,1.229762077331543
2025-11-29,Scrambled Egg,1,1.5063525438308716
2025-11-30,Scrambled Egg,3,1.6412373781204224
2025-11-02,Sourdough Toast Bread,5,0.9083439707756042
2025-11-03,Sourdough Toast Bread,1,0.5718764662742615
2025-11-04,Sourdough Toast Bread,1,0.5598758459091187
2025-11-05,Sourdough Toast Bread,0,0.5788396000862122
2025-11-06,Sourdough Toast Bread,0,0.5416103601455688
2025-11-07,Sourdough Toast Bread,1,0.6642241477966309
2025-11-08,Sourdough Toast Bread,2,1.1730172634124756
2025-11-09,Sourdough Toast Bread,1,0.6481842398643494
2025-11-10,Sourdough Toast Bread,2,0.42868977785110474
2025-11-11,Sourdough Toast Bread,1,0.41393572092056274
2025-11-12,Sourdough Toast Bread,0,0.41464492678642273
2025-11-13,Sourdough Toast Bread,1,0.45043590664863586
2025-11-14,Sourdough Toast Bread,0,0.5268434286117554
2025-11-15,Sourdough Toast Bread,1,1.0566462278366089
2025-11-16,Sourdough Toast Bread,2,0.5776739120483398
2025-11-17,Sourdough Toast Bread,0,0.39979663491249084
2025-11-18,Sourdough Toast Bread,2,0.37974458932876587
2025-11-19,Sourdough Toast Bread,0,0.35052216053009033
2025-11-20,Sourdough Toast Bread,0,0.400646835565567
2025-11-21,Sourdough Toast Bread,0,0.39943942427635193
2025-11-22,Sourdough Toast Bread,4,0.948370635509491
2025-11-23,Sourdough Toast Bread,1,0.5629523992538452
2025-11-24,Sourdough Toast Bread,0,0.3868350088596344
2025-11-25,Sourdough Toast Bread,0,0.36112821102142334
2025-11-26,Sourdough Toast Bread,0,0.35984551906585693
2025-11-27,Sourdough Toast Bread,1,0.43246394395828247
2025-11-28,Sourdough Toast Bread,0,0.42539820075035095
2025-11-29,Sourdough Toast Bread,2,0.8032304048538208
2025-11-30,Sourdough Toast Bread,2,0.49944525957107544
2025-11-02,Streaky Bacon,0,0.22402434051036835
2025-11-03,Streaky Bacon,0,0.07447623461484909
2025-11-04,Streaky Bacon,0,0.16394397616386414
2025-11-05,Streaky Bacon,0,0.07551612704992294
2025-11-06,Streaky Bacon,1,0.2232440561056137
2025-11-07,Streaky Bacon,0,0.0850525051355362
2025-11-08,Streaky Bacon,0,0.10992343723773956
2025-11-09,Streaky Bacon,0,0.09260240197181702
2025-11-10,Streaky Bacon,0,0.07148021459579468
2025-11-11,Streaky Bacon,0,0.16297098994255066
2025-11-12,Streaky Bacon,0,0.07659848034381866
2025-11-13,Streaky Bacon,1,0.18422801792621613
2025-11-14,Streaky Bacon,0,0.09104833751916885
2025-11-15,Streaky Bacon,0,0.11173653602600098
2025-11-16,Streaky Bacon,0,0.08750881254673004
2025-11-17,Streaky Bacon,0,0.07148021459579468
2025-11-18,Streaky Bacon,0,0.07316459715366364
2025-11-19,Streaky Bacon,0,0.05199460685253143
2025-11-20,Streaky Bacon,1,0.07072209566831589
2025-11-21,Streaky Bacon,0,0.07867839932441711
2025-11-22,Streaky Bacon,0,0.10035184770822525
2025-11-23,Streaky Bacon,0,0.09466661512851715
2025-11-24,Streaky Bacon,0,0.07574012130498886
2025-11-25,Streaky Bacon,0,0.07412762194871902
2025-11-26,Streaky Bacon,0,0.06395308673381805
2025-11-27,Streaky Bacon,1,0.1028868556022644
2025-11-28,Streaky Bacon,0,0.08918237686157227
2025-11-29,Streaky Bacon,0,0.11153591424226761
2025-11-30,Streaky Bacon,0,0.08918872475624084
2025-11-02,Tattie Scone,0,3.023423671722412
2025-11-03,Tattie Scone,5,1.4839756488800049
2025-11-04,Tattie Scone,0,1.3313900232315063
2025-11-05,Tattie Scone,0,1.4502918720245361
2025-11-06,Tattie Scone,6,1.503404140472412
2025-11-07,Tattie Scone,3,1.6656110286712646
2025-11-08,Tattie Scone,2,2.84199595451355
2025-11-09,Tattie Scone,6,2.9447216987609863
2025-11-10,Tattie Scone,0,1.4278885126113892
2025-11-11,Tattie Scone,0,1.3735672235488892
2025-11-12,Tattie Scone,1,1.3209072351455688
2025-11-13,Tattie Scone,2,1.4716792106628418
2025-11-14,Tattie Scone,2,1.6991311311721802
2025-11-15,Tattie Scone,3,2.6677229404449463
2025-11-16,Tattie Scone,2,2.622347593307495
2025-11-17,Tattie Scone,3,1.3130850791931152
2025-11-18,Tattie Scone,0,1.2427606582641602
2025-11-19,Tattie Scone,0,1.1132290363311768
2025-11-20,Tattie Scone,1,1.2683281898498535
2025-11-21,Tattie Scone,1,1.5752315521240234
2025-11-22,Tattie Scone,5,2.6948649883270264
2025-11-23,Tattie Scone,4,2.7938361167907715
2025-11-24,Tattie Scone,5,1.3680660724639893
2025-11-25,Tattie Scone,1,1.2371164560317993
2025-11-26,Tattie Scone,1,1.2535984516143799
2025-11-27,Tattie Scone,0,1.4419529438018799
2025-11-28,Tattie Scone,2,1.630831003189087
2025-11-29,Tattie Scone,4,2.682440996170044
2025-11-30,Tattie Scone,3,2.73002552986145
2025-11-02,The Breakfast,44,48.50404357910156
2025-11-03,The Breakfast,30,38.90496063232422
2025-11-04,The Breakfast,26,36.17329025268555
2025-11-05,The Breakfast,11,33.77354431152344
2025-11-06,The Breakfast,22,32.021446228027344
2025-11-07,The Breakfast,46,34.28103256225586
2025-11-08,The Breakfast,45,49.669673919677734
2025-11-09,The Breakfast,44,46.153038024902344
2025-11-10,The Breakfast,26,31.42814064025879
2025-11-11,The Breakfast,26,30.180212020874023
2025-11-12,The Breakfast,38,27.328155517578125
2025-11-13,The Breakfast,27,27.518129348754883
2025-11-14,The Breakfast,32,36.599082946777344
2025-11-15,The Breakfast,53,43.13704299926758
2025-11-16,The Breakfast,46,45.766475677490234
2025-11-17,The Breakfast,27,30.082674026489258
2025-11-18,The Breakfast,21,27.644485473632812
2025-11-19,The Breakfast,27,23.938987731933594
2025-11-20,The Breakfast,14,23.28458595275879
2025-11-21,The Breakfast,43,35.50442123413086
2025-11-22,The Breakfast,52,50.488529205322266
2025-11-23,The Breakfast,42,46.61708450317383
2025-11-24,The Breakfast,28,26.363935470581055
2025-11-25,The Breakfast,23,27.480304718017578
2025-11-26,The Breakfast,35,26.33072280883789
2025-11-27,The Breakfast,19,26.654600143432617
2025-11-28,The Breakfast,49,36.89822006225586
2025-11-29,The Breakfast,37,48.64665985107422
2025-11-30,The Breakfast,53,47.0429573059082
2025-11-02,Toasted Teacake,10,11.222808837890625
2025-11-03,Toasted Teacake,15,10.908248901367188
2025-11-04,Toasted Teacake,12,12.165491104125977
2025-11-05,Toasted Teacake,8,10.929052352905273
2025-11-06,Toasted Teacake,11,11.988991737365723
2025-11-07,Toasted Teacake,10,12.47661018371582
2025-11-08,Toasted Teacake,9,10.965126991271973
2025-11-09,Toasted Teacake,3,11.132424354553223
2025-11-10,Toasted Teacake,8,12.347456932067871
2025-11-11,Toasted Teacake,13,13.795799255371094
2025-11-12,Toasted Teacake,6,13.599360466003418
2025-11-13,Toasted Teacake,12,14.900617599487305
2025-11-14,Toasted Teacake,11,15.385430335998535
2025-11-15,Toasted Teacake,7,13.562739372253418
2025-11-16,Toasted Teacake,8,12.739312171936035
2025-11-17,Toasted Teacake,8,13.822301864624023
2025-11-18,Toasted Teacake,13,14.640872955322266
2025-11-19,Toasted Teacake,6,13.182249069213867
2025-11-20,Toasted Teacake,7,14.357732772827148
2025-11-21,Toasted Teacake,9,15.451659202575684
2025-11-22,Toasted Teacake,6,14.059273719787598
2025-11-23,Toasted Teacake,5,13.817158699035645
2025-11-24,Toasted Teacake,6,15.408143043518066
2025-11-25,Toasted Teacake,10,14.813703536987305
2025-11-26,Toasted Teacake,4,15.619463920593262
2025-11-27,Toasted Teacake,8,16.501140594482422
2025-11-28,Toasted Teacake,11,17.06745719909668
2025-11-29,Toasted Teacake,8,14.663603782653809
2025-11-30,Toasted Teacake,6,14.29698371887207
2025-11-02,Tuna JP,7,2.245145320892334
2025-11-03,Tuna JP,2,2.459292411804199
2025-11-04,Tuna JP,3,2.3099472522735596
2025-11-05,Tuna JP,0,2.1284520626068115
2025-11-06,Tuna JP,1,2.325369358062744
2025-11-07,Tuna JP,0,2.484302282333374
2025-11-08,Tuna JP,2,2.6446847915649414
2025-11-09,Tuna JP,4,2.4496891498565674
2025-11-10,Tuna JP,3,2.2557687759399414
2025-11-11,Tuna JP,3,2.1924264430999756
2025-11-12,Tuna JP,4,2.2281334400177
2025-11-13,Tuna JP,1,2.3931851387023926
2025-11-14,Tuna JP,1,2.501993179321289
2025-11-15,Tuna JP,7,2.6948535442352295
2025-11-16,Tuna JP,3,2.5109572410583496
2025-11-17,Tuna JP,3,2.1775569915771484
2025-11-18,Tuna JP,4,2.1441774368286133
2025-11-19,Tuna JP,2,1.982290267944336
2025-11-20,Tuna JP,6,2.189150094985962
2025-11-21,Tuna JP,3,2.3073203563690186
2025-11-22,Tuna JP,2,2.614065647125244
2025-11-23,Tuna JP,1,2.5714080333709717
2025-11-24,Tuna JP,2,2.2591898441314697
2025-11-25,Tuna JP,2,2.1920413970947266
2025-11-26,Tuna JP,1,2.1324846744537354
2025-11-27,Tuna JP,6,2.5239856243133545
2025-11-28,Tuna JP,2,2.4719107151031494
2025-11-29,Tuna JP,1,2.5658068656921387
2025-11-30,Tuna JP,4,2.474132776260376
2025-11-02,Tuna Mayo Mix,0,0.015267853625118732
2025-11-03,Tuna Mayo Mix,0,0.03569180145859718
2025-11-04,Tuna Mayo Mix,0,0.0324237197637558
2025-11-05,Tuna Mayo Mix,0,0.03557858616113663
2025-11-06,Tuna Mayo Mix,0,0.03665335103869438
2025-11-07,Tuna Mayo Mix,0,0.032749515026807785
2025-11-08,Tuna Mayo Mix,0,0.0395028330385685
2025-11-09,Tuna Mayo Mix,0,0.03556695207953453
2025-11-10,Tuna Mayo Mix,0,0.033797550946474075
2025-11-11,Tuna Mayo Mix,0,0.03555421158671379
2025-11-12,Tuna Mayo Mix,0,0.03794122859835625
2025-11-13,Tuna Mayo Mix,0,0.03715580701828003
2025-11-14,Tuna Mayo Mix,0,0.03715580701828003
2025-11-15,Tuna Mayo Mix,0,0.03796163946390152
2025-11-16,Tuna Mayo Mix,0,0.03243646025657654
2025-11-17,Tuna Mayo Mix,0,0.025509566068649292
2025-11-18,Tuna Mayo Mix,0,0.02355147898197174
2025-11-19,Tuna Mayo Mix,0,0.013430479913949966
2025-11-20,Tuna Mayo Mix,0,0.014193287119269371
2025-11-21,Tuna Mayo Mix,0,0.021914105862379074
2025-11-22,Tuna Mayo Mix,0,0.021781807765364647
2025-11-23,Tuna Mayo Mix,0,0.03861360624432564
2025-11-24,Tuna Mayo Mix,0,0.036796100437641144
2025-11-25,Tuna Mayo Mix,0,0.03388107568025589
2025-11-26,Tuna Mayo Mix,0,0.03272779658436775
2025-11-27,Tuna Mayo Mix,0,0.0374583974480629
2025-11-28,Tuna Mayo Mix,0,0.03520277515053749
2025-11-29,Tuna Mayo Mix,0,0.03326145187020302
2025-11-30,Tuna Mayo Mix,0,0.014416106045246124
2025-11-02,Tuna Melt Panini,0,0.015267853625118732
2025-11-03,Tuna Melt Panini,0,0.03569180145859718
2025-11-04,Tuna Melt Panini,0,0.0324237197637558
2025-11-05,Tuna Melt Panini,0,0.03557858616113663
2025-11-06,Tuna Melt Panini,0,0.03665335103869438
2025-11-07,Tuna Melt Panini,0,0.032749515026807785
2025-11-08,Tuna Melt Panini,0,0.0395028330385685
2025-11-09,Tuna Melt Panini,0,0.03556695207953453
2025-11-10,Tuna Melt Panini,0,0.033797550946474075
2025-11-11,Tuna Melt Panini,0,0.03555421158671379
2025-11-12,Tuna Melt Panini,0,0.03794122859835625
2025-11-13,Tuna Melt Panini,0,0.03715580701828003
2025-11-14,Tuna Melt Panini,0,0.03715580701828003
2025-11-15,Tuna Melt Panini,0,0.03796163946390152
2025-11-16,Tuna Melt Panini,0,0.03243646025657654
2025-11-17,Tuna Melt Panini,0,0.025509566068649292
2025-11-18,Tuna Melt Panini,0,0.02355147898197174
2025-11-19,Tuna Melt Panini,0,0.013430479913949966
2025-11-20,Tuna Melt Panini,0,0.014193287119269371
2025-11-21,Tuna Melt Panini,0,0.021914105862379074
2025-11-22,Tuna Melt Panini,0,0.021781807765364647
2025-11-23,Tuna Melt Panini,0,0.03861360624432564
2025-11-24,Tuna Melt Panini,0,0.036796100437641144
2025-11-25,Tuna Melt Panini,0,0.03388107568025589
2025-11-26,Tuna Melt Panini,0,0.03272779658436775
2025-11-27,Tuna Melt Panini,0,0.0374583974480629
2025-11-28,Tuna Melt Panini,0,0.03520277515053749
2025-11-29,Tuna Melt Panini,0,0.03326145187020302
2025-11-30,Tuna Melt Panini,0,0.014416106045246124
2025-11-02,Tuna Panini,0,0.05943816527724266
2025-11-03,Tuna Panini,0,0.08201944082975388
2025-11-04,Tuna Panini,0,0.07445161044597626
2025-11-05,Tuna Panini,0,0.051268380135297775
2025-11-06,Tuna Panini,0,0.07809735834598541
2025-11-07,Tuna Panini,0,0.06511370837688446
2025-11-08,Tuna Panini,0,0.08863496035337448
2025-11-09,Tuna Panini,0,0.09248603135347366
2025-11-10,Tuna Panini,0,0.0761573314666748
2025-11-11,Tuna Panini,0,0.0830475315451622
2025-11-12,Tuna Panini,0,0.08220552653074265
2025-11-13,Tuna Panini,0,0.0891435295343399
2025-11-14,Tuna Panini,0,0.0891435295343399
2025-11-15,Tuna Panini,0,0.2787834107875824
2025-11-16,Tuna Panini,0,0.2553943395614624
2025-11-17,Tuna Panini,0,0.2509862184524536
2025-11-18,Tuna Panini,0,0.4753190279006958
2025-11-19,Tuna Panini,0,0.8065044283866882
2025-11-20,Tuna Panini,0,0.8755996823310852
2025-11-21,Tuna Panini,0,1.0277526378631592
2025-11-22,Tuna Panini,0,1.4286603927612305
2025-11-23,Tuna Panini,0,1.7293503284454346
2025-11-24,Tuna Panini,0,1.4546085596084595
2025-11-25,Tuna Panini,0,1.371167540550232
2025-11-26,Tuna Panini,0,1.4360450506210327
2025-11-27,Tuna Panini,0,1.4755513668060303
2025-11-28,Tuna Panini,0,1.5746221542358398
2025-11-29,Tuna Panini,0,2.360717296600342
2025-11-30,Tuna Panini,0,2.283785820007324
2025-11-02,Tuna Toastie,2,2.5441927909851074
2025-11-03,Tuna Toastie,3,2.527874708175659
2025-11-04,Tuna Toastie,3,2.501024007797241
2025-11-05,Tuna Toastie,3,2.659663677215576
2025-11-06,Tuna Toastie,1,3.0270159244537354
2025-11-07,Tuna Toastie,3,2.9083330631256104
2025-11-08,Tuna Toastie,1,2.948183298110962
2025-11-09,Tuna Toastie,2,2.7890660762786865
2025-11-10,Tuna Toastie,2,2.7525718212127686
2025-11-11,Tuna Toastie,8,2.747211217880249
2025-11-12,Tuna Toastie,4,2.6493470668792725
2025-11-13,Tuna Toastie,2,3.0269246101379395
2025-11-14,Tuna Toastie,4,2.7789554595947266
2025-11-15,Tuna Toastie,0,2.9956860542297363
2025-11-16,Tuna Toastie,2,2.7193243503570557
2025-11-17,Tuna Toastie,3,2.59354305267334
2025-11-18,Tuna Toastie,1,2.5738120079040527
2025-11-19,Tuna Toastie,0,2.436084270477295
2025-11-20,Tuna Toastie,3,2.8662333488464355
2025-11-21,Tuna Toastie,2,2.777531385421753
2025-11-22,Tuna Toastie,2,2.908919095993042
2025-11-23,Tuna Toastie,3,2.819681406021118
2025-11-24,Tuna Toastie,7,2.766023635864258
2025-11-25,Tuna Toastie,2,2.498988151550293
2025-11-26,Tuna Toastie,1,2.658299446105957
2025-11-27,Tuna Toastie,1,2.8742716312408447
2025-11-28,Tuna Toastie,2,2.866152048110962
2025-11-29,Tuna Toastie,4,2.9556360244750977
2025-11-30,Tuna Toastie,1,2.8304603099823
2025-11-02,Veg Sausage Bap,0,0.015417240560054779
2025-11-03,Veg Sausage Bap,0,0.017195850610733032
2025-11-04,Veg Sausage Bap,0,0.013927745632827282
2025-11-05,Veg Sausage Bap,0,0.017082620412111282
2025-11-06,Veg Sausage Bap,0,0.01815738156437874
2025-11-07,Veg Sausage Bap,0,0.01425353717058897
2025-11-08,Veg Sausage Bap,0,0.021006856113672256
2025-11-09,Veg Sausage Bap,0,0.017070984467864037
2025-11-10,Veg Sausage Bap,0,0.01530162151902914
2025-11-11,Veg Sausage Bap,0,0.008037004619836807
2025-11-12,Veg Sausage Bap,0,0.018852999433875084
2025-11-13,Veg Sausage Bap,0,0.018659837543964386
2025-11-14,Veg Sausage Bap,0,0.018659837543964386
2025-11-15,Veg Sausage Bap,0,0.019465699791908264
2025-11-16,Veg Sausage Bap,0,0.013940483331680298
2025-11-17,Veg Sausage Bap,0,0.015629537403583527
2025-11-18,Veg Sausage Bap,0,0.011754184029996395
2025-11-19,Veg Sausage Bap,0,0.003550446592271328
2025-11-20,Veg Sausage Bap,0,0.006329145282506943
2025-11-21,Veg Sausage Bap,0,0.013782981783151627
2025-11-22,Veg Sausage Bap,0,0.020923053845763206
2025-11-23,Veg Sausage Bap,0,0.018528342247009277
2025-11-24,Veg Sausage Bap,0,0.018300136551260948
2025-11-25,Veg Sausage Bap,0,0.015385099686682224
2025-11-26,Veg Sausage Bap,0,0.014231822453439236
2025-11-27,Veg Sausage Bap,0,0.009941186755895615
2025-11-28,Veg Sausage Bap,0,0.01932869665324688
2025-11-29,Veg Sausage Bap,0,0.020007198676466942
2025-11-30,Veg Sausage Bap,0,0.015620401129126549
2025-11-02,Vegan Breakfast,1,1.0595804452896118
2025-11-03,Vegan Breakfast,0,0.8292706608772278
2025-11-04,Vegan Breakfast,0,0.6688758730888367
2025-11-05,Vegan Breakfast,1,0.6822567582130432
2025-11-06,Vegan Breakfast,1,0.6370493173599243
2025-11-07,Vegan Breakfast,0,0.771230161190033
2025-11-08,Vegan Breakfast,2,1.1504034996032715
2025-11-09,Vegan Breakfast,1,1.0544999837875366
2025-11-10,Vegan Breakfast,0,0.6004990935325623
2025-11-11,Vegan Breakfast,0,0.5793431401252747
2025-11-12,Vegan Breakfast,1,0.5813413858413696
2025-11-13,Vegan Breakfast,1,0.6388382911682129
2025-11-14,Vegan Breakfast,0,0.7103818655014038
2025-11-15,Vegan Breakfast,1,1.1288373470306396
2025-11-16,Vegan Breakfast,2,1.0815507173538208
2025-11-17,Vegan Breakfast,0,0.5704016089439392
2025-11-18,Vegan Breakfast,0,0.5614327788352966
2025-11-19,Vegan Breakfast,0,0.5179485082626343
2025-11-20,Vegan Breakfast,1,0.5973223447799683
2025-11-21,Vegan Breakfast,1,0.7024930119514465
2025-11-22,Vegan Breakfast,1,1.149458408355713
2025-11-23,Vegan Breakfast,0,1.0824745893478394
2025-11-24,Vegan Breakfast,0,0.5996928811073303
2025-11-25,Vegan Breakfast,0,0.561741292476654
2025-11-26,Vegan Breakfast,0,0.6429402828216553
2025-11-27,Vegan Breakfast,0,0.6771879196166992
2025-11-28,Vegan Breakfast,0,0.7290980815887451
2025-11-29,Vegan Breakfast,2,1.1952605247497559
2025-11-30,Vegan Breakfast,0,1.110741138458252
2025-11-02,Vegan Sausage,0,0.1023201048374176
2025-11-03,Vegan Sausage,0,0.07086842507123947
2025-11-04,Vegan Sausage,0,0.05516277253627777
2025-11-05,Vegan Sausage,0,0.06263129413127899
2025-11-06,Vegan Sausage,0,0.06566763669252396
2025-11-07,Vegan Sausage,0,0.06176380440592766
2025-11-08,Vegan Sausage,0,0.06912979483604431
2025-11-09,Vegan Sausage,0,0.06485828757286072
2025-11-10,Vegan Sausage,0,0.06051495671272278
2025-11-11,Vegan Sausage,0,0.06161266192793846
2025-11-12,Vegan Sausage,0,0.06399956345558167
2025-11-13,Vegan Sausage,0,0.0641428753733635
2025-11-14,Vegan Sausage,0,0.06255372613668442
2025-11-15,Vegan Sausage,0,0.06828580051660538
2025-11-16,Vegan Sausage,0,0.06013865768909454
2025-11-17,Vegan Sausage,0,0.048871614038944244
2025-11-18,Vegan Sausage,0,0.05822571739554405
2025-11-19,Vegan Sausage,0,0.05311314016580582
2025-11-20,Vegan Sausage,0,0.053530484437942505
2025-11-21,Vegan Sausage,0,0.04791019484400749
2025-11-22,Vegan Sausage,0,0.07106544822454453
2025-11-23,Vegan Sausage,0,0.06402917206287384
2025-11-24,Vegan Sausage,0,0.0601942203938961
2025-11-25,Vegan Sausage,0,0.059242237359285355
2025-11-26,Vegan Sausage,0,0.05546683445572853
2025-11-27,Vegan Sausage,0,0.05313777178525925
2025-11-28,Vegan Sausage,0,0.05088215321302414
2025-11-29,Vegan Sausage,0,0.07203179597854614
2025-11-30,Vegan Sausage,0,0.06731723994016647
2025-11-02,Veggie Bap,1,0.4801331162452698
2025-11-03,Veggie Bap,2,0.9117692708969116
2025-11-04,Veggie Bap,0,0.7760344743728638
2025-11-05,Veggie Bap,0,0.9450204968452454
2025-11-06,Veggie Bap,0,1.0770061016082764
2025-11-07,Veggie Bap,0,0.9724866151809692
2025-11-08,Veggie Bap,0,1.3897087574005127
2025-11-09,Veggie Bap,0,1.1288505792617798
2025-11-10,Veggie Bap,0,0.8573051691055298
2025-11-11,Veggie Bap,0,0.7196598052978516
2025-11-12,Veggie Bap,1,0.776652991771698
2025-11-13,Veggie Bap,0,0.9556943774223328
2025-11-14,Veggie Bap,1,0.838067352771759
2025-11-15,Veggie Bap,1,1.2442201375961304
2025-11-16,Veggie Bap,1,0.9944146275520325
2025-11-17,Veggie Bap,2,0.6740568280220032
2025-11-18,Veggie Bap,0,0.6880821585655212
2025-11-19,Veggie Bap,0,0.6225334405899048
2025-11-20,Veggie Bap,0,0.6164408326148987
2025-11-21,Veggie Bap,0,0.6132714152336121
2025-11-22,Veggie Bap,0,0.9335228204727173
2025-11-23,Veggie Bap,0,0.6972039937973022
2025-11-24,Veggie Bap,2,0.46248337626457214
2025-11-25,Veggie Bap,0,0.45247241854667664
2025-11-26,Veggie Bap,1,0.44953468441963196
2025-11-27,Veggie Bap,2,0.4833570122718811
2025-11-28,Veggie Bap,1,0.5108893513679504
2025-11-29,Veggie Bap,0,0.7473072409629822
2025-11-30,Veggie Bap,1,0.5808770656585693
2025-11-02,Veggie Breakfast,3,2.4920005798339844
2025-11-03,Veggie Breakfast,0,3.2164063453674316
2025-11-04,Veggie Breakfast,1,2.267543077468872
2025-11-05,Veggie Breakfast,0,1.9830684661865234
2025-11-06,Veggie Breakfast,2,1.7118220329284668
2025-11-07,Veggie Breakfast,5,1.8937304019927979
2025-11-08,Veggie Breakfast,2,3.0700910091400146
2025-11-09,Veggie Breakfast,2,3.0020031929016113
2025-11-10,Veggie Breakfast,1,1.901314616203308
2025-11-11,Veggie Breakfast,0,1.731668472290039
2025-11-12,Veggie Breakfast,1,1.5671449899673462
2025-11-13,Veggie Breakfast,5,1.5975069999694824
2025-11-14,Veggie Breakfast,1,1.7985121011734009
2025-11-15,Veggie Breakfast,6,3.041947603225708
2025-11-16,Veggie Breakfast,2,2.8385863304138184
2025-11-17,Veggie Breakfast,0,1.590354323387146
2025-11-18,Veggie Breakfast,1,1.523414969444275
2025-11-19,Veggie Breakfast,3,1.316410779953003
2025-11-20,Veggie Breakfast,0,1.337182641029358
2025-11-21,Veggie Breakfast,2,1.598960518836975
2025-11-22,Veggie Breakfast,4,2.7173221111297607
2025-11-23,Veggie Breakfast,4,2.682751178741455
2025-11-24,Veggie Breakfast,4,1.4785751104354858
2025-11-25,Veggie Breakfast,0,1.2575397491455078
2025-11-26,Veggie Breakfast,2,1.284670114517212
2025-11-27,Veggie Breakfast,4,1.4577274322509766
2025-11-28,Veggie Breakfast,1,1.5314527750015259
2025-11-29,Veggie Breakfast,3,2.5775394439697266
2025-11-30,Veggie Breakfast,6,2.611562728881836
2025-11-02,White Toast Bread,46,41.527915954589844
2025-11-03,White Toast Bread,28,34.01821517944336
2025-11-04,White Toast Bread,20,28.24200439453125
2025-11-05,White Toast Bread,16,25.717741012573242
2025-11-06,White Toast Bread,29,24.99170684814453
2025-11-07,White Toast Bread,31,30.422853469848633
2025-11-08,White Toast Bread,31,38.30363464355469
2025-11-09,White Toast Bread,50,42.47720718383789
2025-11-10,White Toast Bread,28,27.70332145690918
2025-11-11,White Toast Bread,28,24.035160064697266
2025-11-12,White Toast Bread,26,24.210487365722656
2025-11-13,White Toast Bread,19,24.05791664123535
2025-11-14,White Toast Bread,30,31.673059463500977
2025-11-15,White Toast Bread,41,42.57509994506836
2025-11-16,White Toast Bread,36,42.994972229003906
2025-11-17,White Toast Bread,22,26.239004135131836
2025-11-18,White Toast Bread,26,21.637556076049805
2025-11-19,White Toast Bread,30,20.135637283325195
2025-11-20,White Toast Bread,27,21.305984497070312
2025-11-21,White Toast Bread,35,32.84483337402344
2025-11-22,White Toast Bread,39,43.469791412353516
2025-11-23,White Toast Bread,63,42.196022033691406
2025-11-24,White Toast Bread,32,24.71126937866211
2025-11-25,White Toast Bread,22,23.83245086669922
2025-11-26,White Toast Bread,29,23.345613479614258
2025-11-27,White Toast Bread,25,25.188858032226562
2025-11-28,White Toast Bread,31,32.85897445678711
2025-11-29,White Toast Bread,38,44.83013916015625
2025-11-30,White Toast Bread,34,45.08076095581055
